org,orgLabel
http://scholars.cornell.edu/individual/org92001,Music Library (Sidney Cox Library of Music and Dance)
http://scholars.cornell.edu/individual/org51675,Religious Studies Program
http://scholars.cornell.edu/individual/org52737,Labor and Employment Law Program
http://scholars.cornell.edu/individual/org93133,Good Agricultural Practices Program (GAPs)
http://scholars.cornell.edu/individual/org73870,Architecture
http://scholars.cornell.edu/individual/org39069,City and Regional Planning
http://scholars.cornell.edu/individual/org72107,Office of the Vice Provost and Dean of the Graduate School
http://scholars.cornell.edu/individual/org19506,Cornell Electron Storage Ring (CESR)
http://scholars.cornell.edu/individual/org30434,School of Integrative Plant Science
http://scholars.cornell.edu/individual/org82944,Environmental Health & Safety
http://scholars.cornell.edu/individual/org32186,Cornell Abroad
http://scholars.cornell.edu/individual/org99649,Insect Diagnostic Laboratory (IDL)
http://scholars.cornell.edu/individual/org59465,Janet L. Swanson Wildlife Health Center
http://scholars.cornell.edu/individual/org54039,Institute for Computational Sustainability
http://scholars.cornell.edu/individual/org50516,Hotel Library (Nestle Hotel Library)
http://scholars.cornell.edu/individual/org49981,Duck Research Laboratory
http://scholars.cornell.edu/individual/org76604,Fruit & Vegetable Processing Pilot Plant
http://scholars.cornell.edu/individual/org47866,Cornell Institute for Fashion and Fiber Innovation (CIFFI)
http://scholars.cornell.edu/individual/org40820,Division of Budget and Planning
http://scholars.cornell.edu/individual/org59320,BR Venture Fund
http://scholars.cornell.edu/individual/org80205,Shoals Marine Laboratory
http://scholars.cornell.edu/individual/org85440,Cornell Program for Infrastructure Policy (CPIP)
http://scholars.cornell.edu/individual/org24788,Molecular Biology and Genetics
http://scholars.cornell.edu/individual/org48128,Office of the Executive Vice President for Finance and Chief Financial Officer
http://scholars.cornell.edu/individual/org39208,Leland C. and Mary M. Pillsbury Institute for Hospitality Entrepreneurship
http://scholars.cornell.edu/individual/org69633,John S. Knight Institute
http://scholars.cornell.edu/individual/org40545,Phyllis and David Komansky Center for Children's Health
http://scholars.cornell.edu/individual/org23581,Center on the Microenvironment and Metastasis (CMM)
http://scholars.cornell.edu/individual/org58330,Program of Computer Graphics
http://scholars.cornell.edu/individual/org37272,Office of the Director of Olin and Uris Libraries
http://scholars.cornell.edu/individual/org23988,American Indian Program
http://scholars.cornell.edu/individual/org15006,Civil and Environmental Engineering
http://scholars.cornell.edu/individual/org87995,Cornell Death Penalty Project
http://scholars.cornell.edu/individual/org31858,"College of Architecture, Art, and Planning"
http://scholars.cornell.edu/individual/org29122,Cornell Sensory Testing Facility
http://scholars.cornell.edu/individual/org61623,Fiber Science and Apparel Design
http://scholars.cornell.edu/individual/org89721,College of Arts and Sciences
http://scholars.cornell.edu/individual/org33058,Joan & Irwin Jacobs Technion-Cornell Institute
http://scholars.cornell.edu/individual/org18672,Cornell Energy Institute
http://scholars.cornell.edu/individual/org27521,ILR Extension Administration
http://scholars.cornell.edu/individual/org35227,Office of the Senior Vice Provost for Undergraduate Education
http://scholars.cornell.edu/individual/org50181,Center for Analytic Economics
http://scholars.cornell.edu/individual/org27845,"Human Biology, Health and Society"
http://scholars.cornell.edu/individual/org47642,Center for the Study of Economy and Society (CSES)
http://scholars.cornell.edu/individual/org51992,Institute for German Cultural Studies
http://scholars.cornell.edu/individual/org40986,Center for the Study of Inequality (CSI)
http://scholars.cornell.edu/individual/org65543,Cornell Plantations
http://scholars.cornell.edu/individual/org26363,Cornell Institute for Healthy Futures
http://scholars.cornell.edu/individual/org15582,Romance Studies
http://scholars.cornell.edu/individual/org24967,Office of the AUL for Central Library Operations
http://scholars.cornell.edu/individual/org20920,Berger International Legal Studies Program
http://scholars.cornell.edu/individual/org94820,Society for the Humanities
http://scholars.cornell.edu/individual/org47934,Immunopathology Research and Development Laboratory
http://scholars.cornell.edu/individual/org60543,Weill Cornell Medical College (NYC)
http://scholars.cornell.edu/individual/org92646,HE Urban Semester Program
http://scholars.cornell.edu/individual/org36544,Global and Public Health Sciences
http://scholars.cornell.edu/individual/org87966,Office of the Vice President for Alumni Affairs and Development
http://scholars.cornell.edu/individual/org83746,K. Lisa Yang and Hock E. Tan Institute on Employment and Disability
http://scholars.cornell.edu/individual/org65923,Naval Reserve Officers Training Corps (NROTC)
http://scholars.cornell.edu/individual/org74741,Samuel Curtis Johnson Graduate School of Management
http://scholars.cornell.edu/individual/org89963,Weill Cornell Medical College in Qatar eLibrary
http://scholars.cornell.edu/individual/org95927,Entomology
http://scholars.cornell.edu/individual/org95376,Art
http://scholars.cornell.edu/individual/org91322,German Studies
http://scholars.cornell.edu/individual/org56519,International and Comparative Labor
http://scholars.cornell.edu/individual/org32730,Program on Ethics and Public Life (EPL)
http://scholars.cornell.edu/individual/org50008,"Kroch Library, Division of Asia Collections"
http://scholars.cornell.edu/individual/org64002,Avon Global Center for Women and Justice
http://scholars.cornell.edu/individual/org44742,Human Development
http://scholars.cornell.edu/individual/org22349,Vinification & Brewing Laboratory
http://scholars.cornell.edu/individual/org46506,Office of the Vice Provost for Research
http://scholars.cornell.edu/individual/org42528,Cornell Center for Animal Resources and Education (CARE)
http://scholars.cornell.edu/individual/org17024,"Weill Cornell Medical College (Doha, Qatar)"
http://scholars.cornell.edu/individual/org12091,Cornell Phonetics Lab
http://scholars.cornell.edu/individual/org32260,Office of the AUL for Information Technology
http://scholars.cornell.edu/individual/org72049,CIO Administration
http://scholars.cornell.edu/individual/org31607,Food Science & Technology at Geneva
http://scholars.cornell.edu/individual/org35291,South Asia Program
http://scholars.cornell.edu/individual/org38185,New York State Water Resources Institute (NYSWRI)
http://scholars.cornell.edu/individual/org85210,Philosophy
http://scholars.cornell.edu/individual/org12817,Center for Research on End-of-Life Care
http://scholars.cornell.edu/individual/org32518,Cornell Institute for Women in Science (CIWS)
http://scholars.cornell.edu/individual/org30779,Cornell MRI Facility (CMRIF)
http://scholars.cornell.edu/individual/org42941,Cornell IGERT in Cross-Scale Biogeochemistry and Climate
http://scholars.cornell.edu/individual/org15169,Laboratory for Elementary-Particle Physics (LEPP)
http://scholars.cornell.edu/individual/org78762,Office of Undergraduate Biology
http://scholars.cornell.edu/individual/org54786,Professional Studies
http://scholars.cornell.edu/individual/org51392,Government
http://scholars.cornell.edu/individual/org87997,Cornell Food and Nutrition Policy Program (CFNPP)
http://scholars.cornell.edu/individual/org62214,Feil Family Brain and Mind Research Institute (BMRI)
http://scholars.cornell.edu/individual/org44544,Office of the Dean of Computing and Information Science
http://scholars.cornell.edu/individual/org71826,Asian Studies
http://scholars.cornell.edu/individual/org32535,Institute for European Studies (IES)
http://scholars.cornell.edu/individual/org74664,Office of the Vice President of Cornell New York City Tech
http://scholars.cornell.edu/individual/org78855,Center for Applied Math (CAM)
http://scholars.cornell.edu/individual/org83654,Human Resource Studies
http://scholars.cornell.edu/individual/org94732,Center for Hospitality Research (CHR)
http://scholars.cornell.edu/individual/org56330,Center for Healthcare Informatics and Policy (CHIP)
http://scholars.cornell.edu/individual/org86842,Cornell Nutrient Analysis Laboratory (CNAL)
http://scholars.cornell.edu/individual/org14985,Anthropology
http://scholars.cornell.edu/individual/org96673,Office of the Vice President for Infrastructure Properties and Planning
http://scholars.cornell.edu/individual/org17767,Veterinary Library (Flower-Sprecher Veterinary Library)
http://scholars.cornell.edu/individual/org93185,Atkinson Center for a Sustainable Future (ACSF)
http://scholars.cornell.edu/individual/org98823,Center for Complementary and Integrative Medicine
http://scholars.cornell.edu/individual/org24678,The Ronald O. Perelman and Claudia Cohen Center for Reproductive Medicine (CRM)
http://scholars.cornell.edu/individual/org48429,Scheinman Institute on Conflict Resolution
http://scholars.cornell.edu/individual/org39461,Cornell Center for Comparative and Population Genomics (3CPG)
http://scholars.cornell.edu/individual/org22529,Cornell Institute of Archaeology and Material Studies (CIAMS)
http://scholars.cornell.edu/individual/org87556,Center for Advanced Human Resource Studies (CAHRS)
http://scholars.cornell.edu/individual/org94053,Physical Sciences Library (Edna McConnell Clark Library)
http://scholars.cornell.edu/individual/org31653,Office of the Vice President for Human Resources
http://scholars.cornell.edu/individual/org69632,Office of University Registrar
http://scholars.cornell.edu/individual/org41896,Office of University Communications
http://scholars.cornell.edu/individual/org58067,Microbiology
http://scholars.cornell.edu/individual/org15262,Office of the University Librarian
http://scholars.cornell.edu/individual/org54645,Division of Financial Affairs
http://scholars.cornell.edu/individual/org96024,"Institute for Health Economics, Health Behavior, and Disparities"
http://scholars.cornell.edu/individual/org65299,Institute for Comparative and Environmental Toxicology (ICET)
http://scholars.cornell.edu/individual/org80749,"Architecture, Art & Planning NYC Program"
http://scholars.cornell.edu/individual/org70165,Center for Study of Pulsed-Power-Driven High Energy Density Plasmas
http://scholars.cornell.edu/individual/org73496,Institute for Precision Medicine
http://scholars.cornell.edu/individual/org93693,Horticulture Section
http://scholars.cornell.edu/individual/org39076,Computational Science and Engineering
http://scholars.cornell.edu/individual/org92116,Maddie's Shelter Medicine Program at Cornell
http://scholars.cornell.edu/individual/org77315,Office of the Dean of Law School
http://scholars.cornell.edu/individual/org47053,Human Dimensions Research Unit
http://scholars.cornell.edu/individual/org55272,Management and Organizations
http://scholars.cornell.edu/individual/org24768,History
http://scholars.cornell.edu/individual/org25540,Cornell University Cognitive Science Program
http://scholars.cornell.edu/individual/org75555,Institute of Biotechnology
http://scholars.cornell.edu/individual/org85195,"Labor Relations, Law and History"
http://scholars.cornell.edu/individual/org22367,Mathematics Library
http://scholars.cornell.edu/individual/org17753,Law Library
http://scholars.cornell.edu/individual/org14849,Cornell in Washington
http://scholars.cornell.edu/individual/org12083,Business Simulation Laboratory
http://scholars.cornell.edu/individual/org95547,Cornell Language Acquisition Laboratory (CLAL)
http://scholars.cornell.edu/individual/org32427,Earth and Atmospheric Sciences
http://scholars.cornell.edu/individual/org43177,Design and Environmental Analysis
http://scholars.cornell.edu/individual/org40098,Computational Biology
http://scholars.cornell.edu/individual/org85016,Center for Technology Licensing at Cornell University (CTL)
http://scholars.cornell.edu/individual/org24016,Jewish Studies Program
http://scholars.cornell.edu/individual/org25509,Office of the Vice President for Student and Campus Life
http://scholars.cornell.edu/individual/org31357,College of Human Ecology
http://scholars.cornell.edu/individual/org20480,Office of the Dean of AAP
http://scholars.cornell.edu/individual/org16552,Computer Science
http://scholars.cornell.edu/individual/org86203,Food Science
http://scholars.cornell.edu/individual/org01865,Cornell University
http://scholars.cornell.edu/individual/org99155,Engineering Library
http://scholars.cornell.edu/individual/org95522,Kavli Institute at Cornell for Nanoscale Science
http://scholars.cornell.edu/individual/org23187,Astronomy
http://scholars.cornell.edu/individual/org68670,Cornell Population Center (CPC)
http://scholars.cornell.edu/individual/org27591,Cornell-in-Rome Program
http://scholars.cornell.edu/individual/org90697,Irving Sherwood Wright Center on Aging
http://scholars.cornell.edu/individual/org38912,China and Asia-Pacific Studies (CAP)
http://scholars.cornell.edu/individual/org62634,Development Sociology
http://scholars.cornell.edu/individual/org99801,New York State Integrated Pest Management Program (IPM)
http://scholars.cornell.edu/individual/org94721,Office of Academic Diversity Initiatives (OADI)
http://scholars.cornell.edu/individual/org44670,College of Veterinary Medicine
http://scholars.cornell.edu/individual/org84947,Latina/o Studies Program
http://scholars.cornell.edu/individual/org82432,Cornell Prison Education Program (CPEP)
http://scholars.cornell.edu/individual/org34159,Army Reserve Officers Training Corps (AROTC)
http://scholars.cornell.edu/individual/org23199,Communication
http://scholars.cornell.edu/individual/org39931,School of Continuing Education and Summer Sessions
http://scholars.cornell.edu/individual/org14599,Global Labor Institute (GLI)
http://scholars.cornell.edu/individual/org57416,Iris Cantor Women's Health Center
http://scholars.cornell.edu/individual/org75400,Animal Science
http://scholars.cornell.edu/individual/org91061,American Studies Program
http://scholars.cornell.edu/individual/org62376,Office of University Relations
http://scholars.cornell.edu/individual/org84347,Government and Community Relations
http://scholars.cornell.edu/individual/org98903,Mario Einaudi Center for International Studies
http://scholars.cornell.edu/individual/org47394,Institute for Workplace Studies (IWS)
http://scholars.cornell.edu/individual/org21239,Cornell Institute for China Economic Research (CICER)
http://scholars.cornell.edu/individual/org38774,Division of Human Resources
http://scholars.cornell.edu/individual/org76447,Classics
http://scholars.cornell.edu/individual/org32297,Cornell Center for Reproductive Genomics (CRG)
http://scholars.cornell.edu/individual/org86019,Human Capital Development (HCD)
http://scholars.cornell.edu/individual/org31815,Cornell Equine Park
http://scholars.cornell.edu/individual/org37626,Cornell Institute for Food Systems Industry Partnership Program (CIFS-IPP)
http://scholars.cornell.edu/individual/org17208,Cornell Laboratory for Accelerator-based Sciences and Education (CLASSE)
http://scholars.cornell.edu/individual/org80541,Chemical and Biomolecular Engineering
http://scholars.cornell.edu/individual/org76324,Cornell Center for Astrophysics & Planetary Science (CCAPS)
http://scholars.cornell.edu/individual/org97152,Infrastructure Properties and Planning
http://scholars.cornell.edu/individual/org57969,College of Agriculture and Life Sciences
http://scholars.cornell.edu/individual/org75939,Comparative Literature
http://scholars.cornell.edu/individual/org87894,Industrial and Labor Relations Library (Martin P. Catherwood Library)
http://scholars.cornell.edu/individual/org73341,College of Engineering
http://scholars.cornell.edu/individual/org49078,Aquatic Animal Health Program
http://scholars.cornell.edu/individual/org73654,Baker Program in Real Estate
http://scholars.cornell.edu/individual/org41057,Parker Center for Investment Research
http://scholars.cornell.edu/individual/org29982,Institute for Resource Information Systems (IRIS)
http://scholars.cornell.edu/individual/org31047,Laboratory of Plasma Studies (LPS)
http://scholars.cornell.edu/individual/org68763,Biomedical Engineering
http://scholars.cornell.edu/individual/org30935,Music
http://scholars.cornell.edu/individual/org84818,Geneva Experiment Station Library (Frank A. Lee Library)
http://scholars.cornell.edu/individual/org97822,Cornell Center for Advanced Computing (CAC)
http://scholars.cornell.edu/individual/org43587,Developmental Resource for Biophysical Imaging Optoelectronics (DRBIO)
http://scholars.cornell.edu/individual/org52963,Science and Technology Studies
http://scholars.cornell.edu/individual/org17737,Plant Disease Diagnostic Laboratory
http://scholars.cornell.edu/individual/org16088,Neurobiology and Behavior
http://scholars.cornell.edu/individual/org37483,Language Resource Center
http://scholars.cornell.edu/individual/org14631,Labor Dynamics Institute (LDI)
http://scholars.cornell.edu/individual/org30687,Tri-Institutional Training Program in Chemical Biology
http://scholars.cornell.edu/individual/org57049,Nutritional Sciences
http://scholars.cornell.edu/individual/org42850,Ornithology Library (Cornell Lab of Ornithology Adelson Library)
http://scholars.cornell.edu/individual/org37772,Office of the Dean of Engineering
http://scholars.cornell.edu/individual/org50162,Cornell Law School
http://scholars.cornell.edu/individual/org59594,Linguistics
http://scholars.cornell.edu/individual/org85057,Cornell University Hospital for Animals
http://scholars.cornell.edu/individual/org83709,Cornell Institute for Hospitality Labor and Employment Relations (CIHLER)
http://scholars.cornell.edu/individual/org99659,Quality Milk Production Services (QMPS)
http://scholars.cornell.edu/individual/org89757,Chemistry and Chemical Biology
http://scholars.cornell.edu/individual/org88872,New York State AFL-CIO/Cornell Union Leadership Institute
http://scholars.cornell.edu/individual/org70943,Institute for the Social Sciences (ISS)
http://scholars.cornell.edu/individual/org80031,Clinical Sciences
http://scholars.cornell.edu/individual/org10794,Cornell Center for Wildlife Conservation (CCWC)
http://scholars.cornell.edu/individual/org71748,Energy Materials Center at Cornell (EMC2)
http://scholars.cornell.edu/individual/org53276,Center for Vertebrate Genomics (CVG)
http://scholars.cornell.edu/individual/org68826,Performing and Media Arts
http://scholars.cornell.edu/individual/org63170,History of Art
http://scholars.cornell.edu/individual/org62465,"Plant Pathology and Plant-Microbe Biology Section, Geneva"
http://scholars.cornell.edu/individual/org35459,Africana Studies
http://scholars.cornell.edu/individual/org45904,Africana Library (John Henrik Clarke Africana Library)
http://scholars.cornell.edu/individual/org19163,Physics
http://scholars.cornell.edu/individual/org57707,Admissions and Financial Aid
http://scholars.cornell.edu/individual/org42200,Near Eastern Studies
http://scholars.cornell.edu/individual/org42189,Materials Science and Engineering
http://scholars.cornell.edu/individual/org93835,Applied and Engineering Physics
http://scholars.cornell.edu/individual/org62682,Operations Research and Information Engineering
http://scholars.cornell.edu/individual/org94546,Fine Arts Library
http://scholars.cornell.edu/individual/org33318,Cornell Center for Materials Research (CCMR)
http://scholars.cornell.edu/individual/org47818,Landscape Architecture
http://scholars.cornell.edu/individual/org64642,Weill Cornell Graduate School of Medical Sciences (NYC)
http://scholars.cornell.edu/individual/org22759,Social Statistics
http://scholars.cornell.edu/individual/org81917,Plant Biology Section
http://scholars.cornell.edu/individual/org64240,Clarke Business Law Institute
http://scholars.cornell.edu/individual/org75340,"Law, Psychology, and Human Development Center"
http://scholars.cornell.edu/individual/org25812,Microbiology and Immunology
http://scholars.cornell.edu/individual/org45008,Latin American Studies Program (LASP)
http://scholars.cornell.edu/individual/org32839,International Service for the Acquisition of Agri-Biotech Applications (ISAAA)
http://scholars.cornell.edu/individual/org76294,Center for Computational Biomedicine
http://scholars.cornell.edu/individual/org75930,Biomedical Sciences
http://scholars.cornell.edu/individual/org73519,Survey Research Institute (SRI)
http://scholars.cornell.edu/individual/org24212,Biological and Environmental Engineering
http://scholars.cornell.edu/individual/org73309,Northeast Regional Climate Center (NRCC)
http://scholars.cornell.edu/individual/org65037,Center for Nanomaterials Engineering and Technology (CNET)
http://scholars.cornell.edu/individual/org77636,Laboratory of Atomic and Solid State Physics (LASSP)
http://scholars.cornell.edu/individual/org62105,Biological Statistics and Computational Biology
http://scholars.cornell.edu/individual/org38556,Charles H. Dyson School of Applied Economics and Management
http://scholars.cornell.edu/individual/org56591,Human Neuroscience Institute (HNI)
http://scholars.cornell.edu/individual/org81252,Uris Library
http://scholars.cornell.edu/individual/org80385,Office of the Dean of the School of Continuing Education and Summer Sessions
http://scholars.cornell.edu/individual/org97501,Policy Analysis and Management
http://scholars.cornell.edu/individual/org96688,AguaClara
http://scholars.cornell.edu/individual/org32559,The Emerging Markets Institute (EMI)
http://scholars.cornell.edu/individual/org92335,Ecology and Evolutionary Biology
http://scholars.cornell.edu/individual/org21750,Cornell Higher Education Research Institute (CHERI)
http://scholars.cornell.edu/individual/org70540,Office of the Dean of ILR
http://scholars.cornell.edu/individual/org55261,Southeast Asia Program (SEAP)
http://scholars.cornell.edu/individual/org79111,Cornell Waste Management Institute (CWMI)
http://scholars.cornell.edu/individual/org46941,Mann Library (Albert R. Mann Library)
http://scholars.cornell.edu/individual/org23859,Weill Institute for Cell and Molecular Biology
http://scholars.cornell.edu/individual/org34093,R. Brinkley Smithers Institute for Alcohol-Related Workplace Studies
http://scholars.cornell.edu/individual/org96766,Plant Pathology and Plant-Microbe Biology Section
http://scholars.cornell.edu/individual/org92208,Cornell Electroacoustic Music Center (CEMC)
http://scholars.cornell.edu/individual/org92423,"Cornell International Institute for Food, Agriculture and Development (CIIFAD)"
http://scholars.cornell.edu/individual/org17112,Natural Resources
http://scholars.cornell.edu/individual/org47006,Office of the University Counsel
http://scholars.cornell.edu/individual/org74743,School of Hotel Administration 
http://scholars.cornell.edu/individual/org98030,"Boyce Thompson Institute for Plant Research, Inc. (BTI)"
http://scholars.cornell.edu/individual/org49841,Electrical and Computer Engineering
http://scholars.cornell.edu/individual/org44473,Comparative Cancer Biology Program
http://scholars.cornell.edu/individual/org85376,Office of the Dean of the School of Hotel Administration
http://scholars.cornell.edu/individual/org50135,Medieval Studies Program
http://scholars.cornell.edu/individual/org33206,Asian American Studies Program
http://scholars.cornell.edu/individual/org73506,Judith Reppy Institute for Peace and Conflict Studies
http://scholars.cornell.edu/individual/org59961,Cornell High Energy Synchrotron Source (CHESS)
http://scholars.cornell.edu/individual/org51715,Systems Engineering
http://scholars.cornell.edu/individual/org76798,Soil and Crop Sciences Section
http://scholars.cornell.edu/individual/org99715,Library Administration
http://scholars.cornell.edu/individual/org43751,Sociology
http://scholars.cornell.edu/individual/org27506,Cornell Cooperative Extension New York City (CUCE-NYC)
http://scholars.cornell.edu/individual/org99067,Cornell Institute for Climate Change and Agriculture (CICCA)
http://scholars.cornell.edu/individual/org26592,Tri-Institutional Training Program in Computational Biology and Medicine
http://scholars.cornell.edu/individual/org55533,Baker Institute for Animal Health
http://scholars.cornell.edu/individual/org32496,Community and Regional Development Institute (CaRDI)
http://scholars.cornell.edu/individual/org14635,Parkinson's Disease & Movement Disorders Institute
http://scholars.cornell.edu/individual/org94495,Institute for the Study of the Continents (INSTOC)
http://scholars.cornell.edu/individual/org19458,Cornell Ruffian Equine Specialty Center
http://scholars.cornell.edu/individual/org64911,Office of the Dean of Johnson School of Management
http://scholars.cornell.edu/individual/org82916,Cornell Forensics Program
http://scholars.cornell.edu/individual/org26413,Sackler Institute for Developmental Psychobiology
http://scholars.cornell.edu/individual/org11048,Legal Information Institute
http://scholars.cornell.edu/individual/org12801,Cornell Lake Erie Research and Extension Lab (CLEREL)
http://scholars.cornell.edu/individual/org45405,Management Library (Johnson Graduate School of Management Library)
http://scholars.cornell.edu/individual/org37164,Polson Institute for Global Development
http://scholars.cornell.edu/individual/org76123,Library Annex
http://scholars.cornell.edu/individual/org92059,Office of the Provost
http://scholars.cornell.edu/individual/org50482,The Worker Institute at Cornell
http://scholars.cornell.edu/individual/org43533,Center for Real Estate and Finance (CREF)
http://scholars.cornell.edu/individual/org33554,Institute for African Development
http://scholars.cornell.edu/individual/org36570,Organizational Behavior
http://scholars.cornell.edu/individual/org55715,Office of the Vice President for Finance and CFO
http://scholars.cornell.edu/individual/org79771,Office of the President
http://scholars.cornell.edu/individual/org55296,Cornell Cooperative Extension
http://scholars.cornell.edu/individual/org61441,Office of Faculty Development & Diversity (OFDD)
http://scholars.cornell.edu/individual/org95026,Tri-Institutional Therapeutics Discovery Institute
http://scholars.cornell.edu/individual/org44800,Cornell Institute for Research on Children (CIRC)
http://scholars.cornell.edu/individual/org38400,Animal Health Diagnostic Center
http://scholars.cornell.edu/individual/org23103,Cornell University Agricultural Experiment Station (CUAES)
http://scholars.cornell.edu/individual/org71243,Jay Monahan Center for Gastrointestinal Health
http://scholars.cornell.edu/individual/org91080,East Asia Program
http://scholars.cornell.edu/individual/org68555,"Feminist, Gender, and Sexuality Studies"
http://scholars.cornell.edu/individual/org43229,Psychology
http://scholars.cornell.edu/individual/org27092,"Lesbian, Gay, Bisexual & Transgender Studies"
http://scholars.cornell.edu/individual/org71631,International Nutrition Program
http://scholars.cornell.edu/individual/org85399,Office of the Dean of the College of Veterinary Medicine
http://scholars.cornell.edu/individual/org33882,Nemo Farm Animal Hospital
http://scholars.cornell.edu/individual/org70607,International Studies in Planning Program (ISP)
http://scholars.cornell.edu/individual/org59421,Cornell Agriculture and Food Technology Park
http://scholars.cornell.edu/individual/org48637,Plant Breeding and Genetics Section
http://scholars.cornell.edu/individual/org20700,Population Medicine and Diagnostic Sciences
http://scholars.cornell.edu/individual/org58772,Office of the Dean of the College of Arts and Sciences
http://scholars.cornell.edu/individual/org58258,Office of the Dean of the College of Agriculture and Life Sciences
http://scholars.cornell.edu/individual/org81400,Cornell Tech (NYC)
http://scholars.cornell.edu/individual/org79361,Plant Pathology Program
http://scholars.cornell.edu/individual/org45449,Office of the AUL for Digital Scholarship and Preservation Services
http://scholars.cornell.edu/individual/org64106,Weill Cornell Brain and Spine Center
http://scholars.cornell.edu/individual/org40332,Office of the CIO and Vice President for Information Technology
http://scholars.cornell.edu/individual/org93173,Graduate School
http://scholars.cornell.edu/individual/org19045,Sandra and Edward Meyer Cancer Center
http://scholars.cornell.edu/individual/org34615,Cornell Lab of Ornithology
http://scholars.cornell.edu/individual/org19800,"Kroch Library, Division of Rare & Manuscript Collections (Carl A. Kroch Library)"
http://scholars.cornell.edu/individual/org20966,Entomology at Geneva
http://scholars.cornell.edu/individual/org29616,University Press
http://scholars.cornell.edu/individual/org49111,New York Sea Grant Program
http://scholars.cornell.edu/individual/org95974,Statistical Science
http://scholars.cornell.edu/individual/org87857,The Entrepreneurship and Innovation Institute
http://scholars.cornell.edu/individual/org86520,School of Industrial and Labor Relations
http://scholars.cornell.edu/individual/org20500,Center for Sustainable Global Enterprise
http://scholars.cornell.edu/individual/org12766,Tri-Institutional MD-PhD Program
http://scholars.cornell.edu/individual/org66771,Mechanical and Aerospace Engineering
http://scholars.cornell.edu/individual/org56833,Air force Reserve Officers Training Corps (AFROTC)
http://scholars.cornell.edu/individual/org55891,Long Island Horticultural Research and Extension Center (LIHREC)
http://scholars.cornell.edu/individual/org69811,English
http://scholars.cornell.edu/individual/org48219,"New York State Agricultural Experiment Station, Geneva"
http://scholars.cornell.edu/individual/org60237,Stem Cell and Transgenic Core Facility
http://scholars.cornell.edu/individual/org87823,Helen and Robert Appel Alzheimer's Disease Research Institute
http://scholars.cornell.edu/individual/org92798,Computing and Information Science
http://scholars.cornell.edu/individual/org86591,Cornell NanoScale Facility (CNF)
http://scholars.cornell.edu/individual/org32346,National Biomedical Center for Advanced ESR Technology (ACERT)
http://scholars.cornell.edu/individual/org48507,Herbert F. Johnson Museum of Art
http://scholars.cornell.edu/individual/org54087,New York State Wine Analytical Laboratory
http://scholars.cornell.edu/individual/org83032,Nanobiotechnology Center (NBTC)
http://scholars.cornell.edu/individual/org43570,Cornell Feline Health Center
http://scholars.cornell.edu/individual/org77312,Cornell's Adult University
http://scholars.cornell.edu/individual/org28052,Office of the Dean of the College of Human Ecology
http://scholars.cornell.edu/individual/org17921,Office of the AUL for Research and Learning Services
http://scholars.cornell.edu/individual/org52741,Bronfenbrenner Center for Translational Research (BCTR)
http://scholars.cornell.edu/individual/org52763,Center for Vascular Biology
http://scholars.cornell.edu/individual/org51414,Molecular Medicine
http://scholars.cornell.edu/individual/org51375,Economics
http://scholars.cornell.edu/individual/org72650,Global Health Program
http://scholars.cornell.edu/individual/org85246,Cornell Institute for Public Affairs (CIPA)
http://scholars.cornell.edu/individual/org83919,International Program in the College of Agriculture and Life Sciences 
http://scholars.cornell.edu/individual/org48048,Vice Provost Initiatives
http://scholars.cornell.edu/individual/org64788,Institute for Compensation Studies (ICS)
http://scholars.cornell.edu/individual/org17156,Cornell Institute for Social and Economic Research (CISER)
http://scholars.cornell.edu/individual/org78867,Center for Sleep Medicine
http://scholars.cornell.edu/individual/org45776,Mathematics
http://scholars.cornell.edu/individual/org77852,Clarke Center for International and Comparative Legal Studies
http://scholars.cornell.edu/individual/org77824,Student Disability Services (SDS)
http://scholars.cornell.edu/individual/org74438,Information Science
http://scholars.cornell.edu/individual/org51563,Alumni Affairs and Development
http://scholars.cornell.edu/individual/org50018,Olin Library
http://scholars.cornell.edu/individual/org51049,Weill Cornell Medical College Library
