"org","orgLabel"
"http://scholars.cornell.edu/individual/org91080","East Asia Program"
"http://scholars.cornell.edu/individual/org76123","Library Annex"
"http://scholars.cornell.edu/individual/org65580","AMERICAN FEDERATION FOR AGING RESEARCH"
"http://scholars.cornell.edu/individual/org32730","Program on Ethics and Public Life (EPL)"
"http://scholars.cornell.edu/individual/org91220","NEOGEN CORPORATION"
"http://scholars.cornell.edu/individual/org76294","Center for Computational Biomedicine"
"http://scholars.cornell.edu/individual/org91375","UNIVERSITY OF CENTRAL FLORIDA"
"http://scholars.cornell.edu/individual/org68555","Feminist, Gender, and Sexuality Studies"
"http://scholars.cornell.edu/individual/org74265","NATL HISTOR PUBL&RECORD COM, GSA"
"http://scholars.cornell.edu/individual/org25528","NATL CTR FOR ADVANCING TRANSLATIONAL SCIENCES"
"http://scholars.cornell.edu/individual/org17767","Veterinary Library (Flower-Sprecher Veterinary Library)"
"http://scholars.cornell.edu/individual/org73941","OHIO STATE UNIVERSITY"
"http://scholars.cornell.edu/individual/org99597","NU-SKIN"
"http://scholars.cornell.edu/individual/org91743","UNIVERSITY OF MIAMI SCHOOL OF MEDICINE"
"http://scholars.cornell.edu/individual/org75930","Biomedical Sciences"
"http://scholars.cornell.edu/individual/org47006","Office of the University Counsel"
"http://scholars.cornell.edu/individual/org45449","Office of the AUL for Digital Scholarship and Preservation Services"
"http://scholars.cornell.edu/individual/org44544","Office of the Dean of Computing and Information Science"
"http://scholars.cornell.edu/individual/org41517","VERIZON CORPORATE SERVICES GROUP INC."
"http://scholars.cornell.edu/individual/org17591","MINER,W H AGR RES INST"
"http://scholars.cornell.edu/individual/org24693","INSTITUTE FOR EMPLOYMENT RESEARCH (IAB)"
"http://scholars.cornell.edu/individual/org57734","PEPSICO, INC"
"http://scholars.cornell.edu/individual/org98940","ARMY RESEARCH LABORATORIES"
"http://scholars.cornell.edu/individual/org67006","WESTERN KENTUCKY UNIVERSITY"
"http://scholars.cornell.edu/individual/org82016","UNIVERSITIES SPACE RESEARCH ASSOC"
"http://scholars.cornell.edu/individual/org19506","Cornell Electron Storage Ring (CESR)"
"http://scholars.cornell.edu/individual/org42085","ADVANCED ENERGY SYSTEMS"
"http://scholars.cornell.edu/individual/org37164","Polson Institute for Global Development"
"http://scholars.cornell.edu/individual/org17195","SLIC NETWORK SOLUTIONS"
"http://scholars.cornell.edu/individual/org36570","Organizational Behavior"
"http://scholars.cornell.edu/individual/org58440","BOOZ ALLEN HAMILTON"
"http://scholars.cornell.edu/individual/org34093","R. Brinkley Smithers Institute for Alcohol-Related Workplace Studies"
"http://scholars.cornell.edu/individual/org50578","NATIONAL ACADEMIES"
"http://scholars.cornell.edu/individual/org34428","THE ACADEMY OF ARCHITECTURE FOR HEALTH FOUNDATION"
"http://scholars.cornell.edu/individual/org67054","TUSKEGEE UNIVERSITY"
"http://scholars.cornell.edu/individual/org54039","Institute for Computational Sustainability"
"http://scholars.cornell.edu/individual/org33444","NATL INST OF DIABETES, DIGESTIVE & KIDNEY, NIH"
"http://scholars.cornell.edu/individual/org42277","BANK OF AMERICA AS TRUSTEE FOR THE PEACOCK TRUST"
"http://scholars.cornell.edu/individual/org57401","R-DEX SYSTEMS"
"http://scholars.cornell.edu/individual/org91007","NEW ENGLAND AQUARIUM"
"http://scholars.cornell.edu/individual/org32916","ARIZONA STATE UNIVERSITY"
"http://scholars.cornell.edu/individual/org75371","OKANAGAN BIOTECHNOLOGY INC."
"http://scholars.cornell.edu/individual/org41810","IMPERIAL COLLEGE OF LONDON"
"http://scholars.cornell.edu/individual/org99270","SAVE OUR SEASHORE INC."
"http://scholars.cornell.edu/individual/org15169","Laboratory for Elementary-Particle Physics (LEPP)"
"http://scholars.cornell.edu/individual/org86019","Human Capital Development (HCD)"
"http://scholars.cornell.edu/individual/org42941","Cornell IGERT in Cross-Scale Biogeochemistry and Climate"
"http://scholars.cornell.edu/individual/org86842","Cornell Nutrient Analysis Laboratory (CNAL)"
"http://scholars.cornell.edu/individual/org59594","Linguistics"
"http://scholars.cornell.edu/individual/org92335","Ecology and Evolutionary Biology"
"http://scholars.cornell.edu/individual/org32535","Institute for European Studies (IES)"
"http://scholars.cornell.edu/individual/org42557","3D BIO CORPORATION"
"http://scholars.cornell.edu/individual/org67190","INTERNATIONAL DUCK RESEARCH COOP, INC"
"http://scholars.cornell.edu/individual/org35227","Office of the Senior Vice Provost for Undergraduate Education"
"http://scholars.cornell.edu/individual/org34035","INTERNATIONAL PERSONNEL PROTECTION INC."
"http://scholars.cornell.edu/individual/org83242","ASML US INC."
"http://scholars.cornell.edu/individual/org91258","DUTCH WHOLESALERS ASSOC FOR FLOWERBULBS & NURSERY STOCK"
"http://scholars.cornell.edu/individual/org49413","NEW YORK ASSOCIATION OF TRAINING AND EMPLOYMENT PROFESSIONALS INC"
"http://scholars.cornell.edu/individual/org74772","NATL INST OF ARTHRITIS MUSCULOSKELETAL SKIN, NIH"
"http://scholars.cornell.edu/individual/org82720","BOSTON COLLEGE"
"http://scholars.cornell.edu/individual/org73893","BECKMAN FOUNDATION"
"http://scholars.cornell.edu/individual/org41936","IPEX MANAGEMENT INC."
"http://scholars.cornell.edu/individual/org99878","UNIVERSITY OF MICHIGAN"
"http://scholars.cornell.edu/individual/org58863","RESEARCH TRIANGLE INSTITUTE INTERNATIONAL"
"http://scholars.cornell.edu/individual/org32882","DIRECTORATE FOR BIOLOGICAL SCIENCES NSF"
"http://scholars.cornell.edu/individual/org66020","USDA ARS NORTH ATLANTIC AREA"
"http://scholars.cornell.edu/individual/org58203","HORIBA INSTRUMENTS INCORPORATED"
"http://scholars.cornell.edu/individual/org42104","MONROE COUNTY"
"http://scholars.cornell.edu/individual/org82058","ANIMAL/PLANT HLTH INSPEC SERV USDA"
"http://scholars.cornell.edu/individual/org33765","JSR CORPORATION"
"http://scholars.cornell.edu/individual/org38774","Division of Human Resources"
"http://scholars.cornell.edu/individual/org51675","Religious Studies Program"
"http://scholars.cornell.edu/individual/org48429","Scheinman Institute on Conflict Resolution"
"http://scholars.cornell.edu/individual/org12766","Tri-Institutional MD-PhD Program"
"http://scholars.cornell.edu/individual/org77315","Office of the Dean of Law School"
"http://scholars.cornell.edu/individual/org90697","Irving Sherwood Wright Center on Aging"
"http://scholars.cornell.edu/individual/org99614","UPJOHN INST FOR EMPLOYMENT RES"
"http://scholars.cornell.edu/individual/org64240","Clarke Business Law Institute"
"http://scholars.cornell.edu/individual/org41812","ROPER CENTER FOR PUBLIC OPINION RESEARCH INC."
"http://scholars.cornell.edu/individual/org83263","IMMUCELL CORPORATION"
"http://scholars.cornell.edu/individual/org33971","PEACE CORPS"
"http://scholars.cornell.edu/individual/org96688","AguaClara"
"http://scholars.cornell.edu/individual/org34400","GEORGE WASHINGTON UNIVERSITY"
"http://scholars.cornell.edu/individual/org26196","SEMICONDUCTOR RESEARCH CORPORATION EDUCATION ALLIANCE"
"http://scholars.cornell.edu/individual/org24016","Jewish Studies Program"
"http://scholars.cornell.edu/individual/org55261","Southeast Asia Program (SEAP)"
"http://scholars.cornell.edu/individual/org82117","PLANET OS INC."
"http://scholars.cornell.edu/individual/org25540","Cornell University Cognitive Science Program"
"http://scholars.cornell.edu/individual/org91464","VEECO INSTRUMENTS INC"
"http://scholars.cornell.edu/individual/org32260","Office of the AUL for Information Technology"
"http://scholars.cornell.edu/individual/org90391","GEORGIA INSTITUTE OF TECHNOLOGY"
"http://scholars.cornell.edu/individual/org57885","NY WINE/GRAPE FDN"
"http://scholars.cornell.edu/individual/org33526","CENTRE FOR ECONOMIC POLICY RESEARCH"
"http://scholars.cornell.edu/individual/org66171","SOCIETY FOR CONSERVATION BIOLOGY"
"http://scholars.cornell.edu/individual/org37772","Office of the Dean of Engineering"
"http://scholars.cornell.edu/individual/org57418","CORNELL JOAN AND SANFORD I. WEILL MEDICAL COLLEGE"
"http://scholars.cornell.edu/individual/org58946","OPEN SOCIETY FOUNDATIONS"
"http://scholars.cornell.edu/individual/org14599","Global Labor Institute (GLI)"
"http://scholars.cornell.edu/individual/org16556","ARTHREX INC."
"http://scholars.cornell.edu/individual/org25785","UNIVERSITY OF ST. ANDREWS"
"http://scholars.cornell.edu/individual/org42528","Cornell Center for Animal Resources and Education (CARE)"
"http://scholars.cornell.edu/individual/org94721","Office of Academic Diversity Initiatives (OADI)"
"http://scholars.cornell.edu/individual/org57634","NATL INST OF GENERAL MEDICAL SCIENCES, NIH"
"http://scholars.cornell.edu/individual/org33217","TAL APPAREL LIMITED"
"http://scholars.cornell.edu/individual/org99649","Insect Diagnostic Laboratory (IDL)"
"http://scholars.cornell.edu/individual/org90481","AGRICULTURAL MARKETING SERV, USDA"
"http://scholars.cornell.edu/individual/org90975","DOE ENERGY EFFICIENCY & RENEWABLE ENERGY"
"http://scholars.cornell.edu/individual/org32518","Cornell Institute for Women in Science (CIWS)"
"http://scholars.cornell.edu/individual/org58394","NINGXIA FORESTRY INSTITUTE LTD. CO."
"http://scholars.cornell.edu/individual/org85399","Office of the Dean of the College of Veterinary Medicine"
"http://scholars.cornell.edu/individual/org50641","DUPONT CENTRAL RESEARCH & DEVELOPMENT"
"http://scholars.cornell.edu/individual/org92116","Maddie's Shelter Medicine Program at Cornell"
"http://scholars.cornell.edu/individual/org97152","Infrastructure Properties and Planning"
"http://scholars.cornell.edu/individual/org85210","Philosophy"
"http://scholars.cornell.edu/individual/org58156","DELAVAL INTERNATIONAL AB"
"http://scholars.cornell.edu/individual/org21750","Cornell Higher Education Research Institute (CHERI)"
"http://scholars.cornell.edu/individual/org16719","COHERENT TECHNOLOGIES, INC."
"http://scholars.cornell.edu/individual/org32817","THE AMERICAN SOCIETY OF LABORATORY ANIMAL PRACTITIONERS"
"http://scholars.cornell.edu/individual/org47866","Cornell Institute for Fashion and Fiber Innovation (CIFFI)"
"http://scholars.cornell.edu/individual/org23988","American Indian Program"
"http://scholars.cornell.edu/individual/org17625","USDA AGRICULTURAL RESEARCH SERVICE BA"
"http://scholars.cornell.edu/individual/org41723","SOCIETY FOR THE CONSERVATION AND STUDY OF CARIBBEAN BIRDS"
"http://scholars.cornell.edu/individual/org61623","Fiber Science and Apparel Design"
"http://scholars.cornell.edu/individual/org82585","STOWERS INSTITUTE FOR MEDICAL RESEARCH"
"http://scholars.cornell.edu/individual/org42297","OAK RIDGE NATIONAL LABORATORY DOE"
"http://scholars.cornell.edu/individual/org98306","INTERNATIONAL SERV/ACQ OF AGRI-BIOTECH"
"http://scholars.cornell.edu/individual/org73496","Institute for Precision Medicine"
"http://scholars.cornell.edu/individual/org74908","VALENT U.S.A. CORPORATION"
"http://scholars.cornell.edu/individual/org25116","DUKE UNIVERSITY"
"http://scholars.cornell.edu/individual/org25784","BIOSEED RESEARCH INDIA PVT. LTD."
"http://scholars.cornell.edu/individual/org39931","School of Continuing Education and Summer Sessions"
"http://scholars.cornell.edu/individual/org24639","CENTER FOR PRODUCE SAFETY"
"http://scholars.cornell.edu/individual/org75172","NYS DEPT OF ECONOMIC DEVELOPMENT"
"http://scholars.cornell.edu/individual/org38400","Animal Health Diagnostic Center"
"http://scholars.cornell.edu/individual/org33946","NOVO NORDISK, LTD"
"http://scholars.cornell.edu/individual/org17543","NATL AGRICULTURAL STATISTICS, USDA"
"http://scholars.cornell.edu/individual/org37626","Cornell Institute for Food Systems Industry Partnership Program (CIFS-IPP)"
"http://scholars.cornell.edu/individual/org83003","VIRGINIA POLYTECHNIC INSTITUTE & STATE UNIVERSITY"
"http://scholars.cornell.edu/individual/org65803","UNIVERSITY OF SOUTHERN CALIFORNIA"
"http://scholars.cornell.edu/individual/org58645","UNIVERSITY OF ALASKA FAIRBANKS"
"http://scholars.cornell.edu/individual/org66535","BUREAU OF OCEAN ENERGY MANAGEMENT, REGULATION, AND ENFORCEMENT"
"http://scholars.cornell.edu/individual/org75006","CARRERA BIOSCIENCE INC."
"http://scholars.cornell.edu/individual/org24908","ARMY RESEARCH OFFICE"
"http://scholars.cornell.edu/individual/org12801","Cornell Lake Erie Research and Extension Lab (CLEREL)"
"http://scholars.cornell.edu/individual/org99498","SEOUL NATIONAL UNIVERSITY"
"http://scholars.cornell.edu/individual/org66802","AMERICAN COUNCIL OF LEARNED SOCIETY"
"http://scholars.cornell.edu/individual/org49772","UNIVERSITY OF NOTTINGHAM"
"http://scholars.cornell.edu/individual/org98942","GREAT LAKES RESEARCH CONSORT"
"http://scholars.cornell.edu/individual/org26592","Tri-Institutional Training Program in Computational Biology and Medicine"
"http://scholars.cornell.edu/individual/org34615","Cornell Lab of Ornithology"
"http://scholars.cornell.edu/individual/org17839","NUTRISYSTEM INC. CORPORATION"
"http://scholars.cornell.edu/individual/org25467","PARTNERSHIP FOR CLEAN COMPETITION"
"http://scholars.cornell.edu/individual/org17977","BRAIN & BEHAVIOR RESEARCH FOUNDATION"
"http://scholars.cornell.edu/individual/org84818","Geneva Experiment Station Library (Frank A. Lee Library)"
"http://scholars.cornell.edu/individual/org17437","BOEHRINGER INGELHEIM VETMEDICA INC."
"http://scholars.cornell.edu/individual/org74438","Information Science"
"http://scholars.cornell.edu/individual/org99824","NYS DEPT OF MOTOR VEHICLES"
"http://scholars.cornell.edu/individual/org91603","HANS-BOCKLER-STIFTUNG"
"http://scholars.cornell.edu/individual/org32799","ELECTRIC POWER RESEARCH INSTITUE"
"http://scholars.cornell.edu/individual/org75025","SYNGENTA CROP PROTECTION"
"http://scholars.cornell.edu/individual/org74616","BOYCE THOMPSON INSTITUTE"
"http://scholars.cornell.edu/individual/org77852","Clarke Center for International and Comparative Legal Studies"
"http://scholars.cornell.edu/individual/org82723","TERRA FOUNDATION FOR AMERICAN ART"
"http://scholars.cornell.edu/individual/org41179","OREGON STATE UNIVERSITY"
"http://scholars.cornell.edu/individual/org91107","GREAT LAKES FISHERY TRUST"
"http://scholars.cornell.edu/individual/org66940","CLEMSON UNIVERSITY"
"http://scholars.cornell.edu/individual/org92059","Office of the Provost"
"http://scholars.cornell.edu/individual/org33882","Nemo Farm Animal Hospital"
"http://scholars.cornell.edu/individual/org24671","DIRECTORATE FOR COMPUTER & INFORMATION SCIENCE & ENGINEERING NSF"
"http://scholars.cornell.edu/individual/org66250","RESEARCH CORPORATION"
"http://scholars.cornell.edu/individual/org74492","RADIABEAM TECHNOLOGIES"
"http://scholars.cornell.edu/individual/org42587","UNIVERSITY OF BRITISH COLUMBIA"
"http://scholars.cornell.edu/individual/org95547","Cornell Language Acquisition Laboratory (CLAL)"
"http://scholars.cornell.edu/individual/org71748","Energy Materials Center at Cornell (EMC2)"
"http://scholars.cornell.edu/individual/org66900","FRIENDS OF THE MEXICAN FUND FOR THE CONSERVATION OF NATURE"
"http://scholars.cornell.edu/individual/org22367","Mathematics Library"
"http://scholars.cornell.edu/individual/org32839","International Service for the Acquisition of Agri-Biotech Applications (ISAAA)"
"http://scholars.cornell.edu/individual/org87894","Industrial and Labor Relations Library (Martin P. Catherwood Library)"
"http://scholars.cornell.edu/individual/org98965","BINGHAMTON UNIVERSITY"
"http://scholars.cornell.edu/individual/org94495","Institute for the Study of the Continents (INSTOC)"
"http://scholars.cornell.edu/individual/org45008","Latin American Studies Program (LASP)"
"http://scholars.cornell.edu/individual/org90188","UES INC."
"http://scholars.cornell.edu/individual/org50607","ABBY S AND HOWARD P MILSTEIN FOUNDATION"
"http://scholars.cornell.edu/individual/org91735","SAUDI BASIC INDUSTRIES CORPORATION"
"http://scholars.cornell.edu/individual/org49898","DAVID & LUCILE PACKARD FND"
"http://scholars.cornell.edu/individual/org77636","Laboratory of Atomic and Solid State Physics (LASSP)"
"http://scholars.cornell.edu/individual/org74095","GERMANTOWN OPERATIONS OFFICE DOE"
"http://scholars.cornell.edu/individual/org56519","International and Comparative Labor"
"http://scholars.cornell.edu/individual/org99217","NATL INST ON AGING, NIH"
"http://scholars.cornell.edu/individual/org29982","Institute for Resource Information Systems (IRIS)"
"http://scholars.cornell.edu/individual/org34063","NE COOPERATIVE COUNCIL"
"http://scholars.cornell.edu/individual/org26154","ASSOCIATION UNIVERSITAIRE POUR LA RECHERCHE ECONOMIQUE SUR LE DEVELOPPEMENT"
"http://scholars.cornell.edu/individual/org12083","Business Simulation Laboratory"
"http://scholars.cornell.edu/individual/org17934","NORTH DAKOTA STATE UNIVERSITY"
"http://scholars.cornell.edu/individual/org20920","Berger International Legal Studies Program"
"http://scholars.cornell.edu/individual/org55272","Management and Organizations"
"http://scholars.cornell.edu/individual/org66551","EMD MILLIPORE CORPORATION"
"http://scholars.cornell.edu/individual/org32496","Community and Regional Development Institute (CaRDI)"
"http://scholars.cornell.edu/individual/org99512","PEW CHARITABLE TRUSTS"
"http://scholars.cornell.edu/individual/org42472","NATL HISTORICAL PUBS/REC COMM, NATL ARCHIVES"
"http://scholars.cornell.edu/individual/org90958","MONSANTO"
"http://scholars.cornell.edu/individual/org90264","UNIVERSITY OF CHICAGO"
"http://scholars.cornell.edu/individual/org82228","SAMUEL H. KRESS FOUNDATION"
"http://scholars.cornell.edu/individual/org42581","AFRICARICE"
"http://scholars.cornell.edu/individual/org26013","UNIVERSITY OF YORK"
"http://scholars.cornell.edu/individual/org78855","Center for Applied Math (CAM)"
"http://scholars.cornell.edu/individual/org16912","AMES RESEARCH CENTER, NASA"
"http://scholars.cornell.edu/individual/org99831","KENSEY-NASH"
"http://scholars.cornell.edu/individual/org75277","NATIONAL NUCLEAR SECURITY ADMINISTRATION DOE"
"http://scholars.cornell.edu/individual/org57416","Iris Cantor Women's Health Center"
"http://scholars.cornell.edu/individual/org49972","HDR INC."
"http://scholars.cornell.edu/individual/org50271","HEALTH RESEARCH INC"
"http://scholars.cornell.edu/individual/org65299","Institute for Comparative and Environmental Toxicology (ICET)"
"http://scholars.cornell.edu/individual/org83513","WORLD VISION, INC."
"http://scholars.cornell.edu/individual/org49588","ENVIRONMENTAL PROTECT AGENCY"
"http://scholars.cornell.edu/individual/org47053","Human Dimensions Research Unit"
"http://scholars.cornell.edu/individual/org24967","Office of the AUL for Central Library Operations"
"http://scholars.cornell.edu/individual/org34159","Army Reserve Officers Training Corps (AROTC)"
"http://scholars.cornell.edu/individual/org83062","NATIONAL MARINE MAMMAL LABORATORY"
"http://scholars.cornell.edu/individual/org17041","HISTOGENICS"
"http://scholars.cornell.edu/individual/org41645","NIH-NATIONAL CENTER FOR COMPLEMENTARY AND ALTERNATIVE MEDICINE NIH"
"http://scholars.cornell.edu/individual/org25721","ALBANY PINE BUSH PRESERVE COMMISSION"
"http://scholars.cornell.edu/individual/org42501","NETHERLANDS ORGANISATION FOR SCIENTIFIC RESEARCH"
"http://scholars.cornell.edu/individual/org99934","PARTNERS FOR ECONOMIC POLICY"
"http://scholars.cornell.edu/individual/org66365","UNIVERSITY OF NEW HAMPSHIRE"
"http://scholars.cornell.edu/individual/org17952","HUDSON RIVER FOUNDATION"
"http://scholars.cornell.edu/individual/org82432","Cornell Prison Education Program (CPEP)"
"http://scholars.cornell.edu/individual/org35459","Africana Studies"
"http://scholars.cornell.edu/individual/org49305","UNIVERSITY OF UTAH"
"http://scholars.cornell.edu/individual/org91601","NEW YORK APPLE GROWERS LLC"
"http://scholars.cornell.edu/individual/org57719","NATIONAL SPACE GRANT FOUNDATION"
"http://scholars.cornell.edu/individual/org65985","INTERNATIONAL FOOD POLICY RSCH INST"
"http://scholars.cornell.edu/individual/org34156","OSWEGO COUNTY SOIL AND WATER CONSERVATION DISTRICT"
"http://scholars.cornell.edu/individual/org66988","AMERICAN COLLEGE OF VETERINARY INTERNAL MEDICINE"
"http://scholars.cornell.edu/individual/org91088","GALLEON PHARMACEUTICALS INC."
"http://scholars.cornell.edu/individual/org33784","FERMI NATIONAL ACCELERATOR LABORATORY"
"http://scholars.cornell.edu/individual/org98423","CHICAGO OPERATIONS OFFICE DOE"
"http://scholars.cornell.edu/individual/org91480","UNIVERSITY OF NEUCHATEL"
"http://scholars.cornell.edu/individual/org98426","NATL SCIENCE FOUNDATION"
"http://scholars.cornell.edu/individual/org25049","WEILL CORNELL MEDICAL COLLEGE/QATAR"
"http://scholars.cornell.edu/individual/org41787","PIONEER HI-BRED INTERNATL INC"
"http://scholars.cornell.edu/individual/org99249","UNIVERSITY OF CALIFORNIA RIVERSIDE"
"http://scholars.cornell.edu/individual/org17251","GORDON & BETTY MOORE FOUNDATION"
"http://scholars.cornell.edu/individual/org88872","New York State AFL-CIO/Cornell Union Leadership Institute"
"http://scholars.cornell.edu/individual/org91170","ONONDAGA COUNTY"
"http://scholars.cornell.edu/individual/org81400","Cornell Tech (NYC)"
"http://scholars.cornell.edu/individual/org58164","NATIONAL INSTITUTE OF STANDARDS & TECHNOLOGY"
"http://scholars.cornell.edu/individual/org81917","Plant Biology Section"
"http://scholars.cornell.edu/individual/org98836","UNIVERSITY OF QUEENSLAND"
"http://scholars.cornell.edu/individual/org82833","NATIONAL GRAPE AND WINE INITIATIVE"
"http://scholars.cornell.edu/individual/org41657","NYS OFFICE OF MENTAL HEALTH"
"http://scholars.cornell.edu/individual/org20500","Center for Sustainable Global Enterprise"
"http://scholars.cornell.edu/individual/org25691","INTERNATIONAL BUSINESS MACHINES"
"http://scholars.cornell.edu/individual/org26363","Cornell Institute for Healthy Futures"
"http://scholars.cornell.edu/individual/org25326","CITY UNIVERSITY OF NEW YORK"
"http://scholars.cornell.edu/individual/org17734","COMPUTING RESEARCH ASSOCIATION"
"http://scholars.cornell.edu/individual/org26179","NEW YORK STEM CELL FOUNDATION"
"http://scholars.cornell.edu/individual/org33948","SAVE THE SUMMER FLOUNDER FISHERY FUND"
"http://scholars.cornell.edu/individual/org82201","DIRECTORATE FOR EDUCATION AND HUMAN RESOURCES NSF"
"http://scholars.cornell.edu/individual/org24788","Molecular Biology and Genetics"
"http://scholars.cornell.edu/individual/org44742","Human Development"
"http://scholars.cornell.edu/individual/org34190","RAND CORPORATION"
"http://scholars.cornell.edu/individual/org18672","Cornell Energy Institute"
"http://scholars.cornell.edu/individual/org12817","Center for Research on End-of-Life Care"
"http://scholars.cornell.edu/individual/org91148","FLIR SYSTEMS"
"http://scholars.cornell.edu/individual/org50061","MATHWORKS, INC"
"http://scholars.cornell.edu/individual/org98359","BILL & MELINDA GATES FOUNDATION"
"http://scholars.cornell.edu/individual/org69811","English"
"http://scholars.cornell.edu/individual/org65602","DIRECTORATE FOR MATHEMATICAL & PHYSICAL SCIENCES NSF"
"http://scholars.cornell.edu/individual/org66160","NATURE CONSERVANCY"
"http://scholars.cornell.edu/individual/org60237","Stem Cell and Transgenic Core Facility"
"http://scholars.cornell.edu/individual/org66722","STROLL, INC."
"http://scholars.cornell.edu/individual/org49614","TIOGA COUNTY SOIL & WATER CONSERVATION DISTRICT"
"http://scholars.cornell.edu/individual/org49216","DEPARTMENT OF ENERGY"
"http://scholars.cornell.edu/individual/org72049","CIO Administration"
"http://scholars.cornell.edu/individual/org99676","SCUOLA SUPERIORE DI STUDI UNIVERSITARI E DI PERFEZIONAMENTO SANT'ANNA"
"http://scholars.cornell.edu/individual/org56330","Center for Healthcare Informatics and Policy (CHIP)"
"http://scholars.cornell.edu/individual/org95974","Statistical Science"
"http://scholars.cornell.edu/individual/org50458","THE BOB WOODRUFF FOUNDATION"
"http://scholars.cornell.edu/individual/org34350","ALFA WASSERMANN S.P.A"
"http://scholars.cornell.edu/individual/org91469","GENERAL ELECTRIC"
"http://scholars.cornell.edu/individual/org43229","Psychology"
"http://scholars.cornell.edu/individual/org78867","Center for Sleep Medicine"
"http://scholars.cornell.edu/individual/org46941","Mann Library (Albert R. Mann Library)"
"http://scholars.cornell.edu/individual/org87995","Cornell Death Penalty Project"
"http://scholars.cornell.edu/individual/org57769","FRANKIE'S FRIENDS CHARITABLE PET FOUNDATION"
"http://scholars.cornell.edu/individual/org74646","AEROSPACE CORPORATION"
"http://scholars.cornell.edu/individual/org44670","College of Veterinary Medicine"
"http://scholars.cornell.edu/individual/org50356","AMERICAN WILDLIFE CONSERVATION FOUNDATION"
"http://scholars.cornell.edu/individual/org57937","FISH & WILDLIFE SERVICE, DOI"
"http://scholars.cornell.edu/individual/org32559","The Emerging Markets Institute (EMI)"
"http://scholars.cornell.edu/individual/org50733","BUREAU OF JUSTICE STATISTICS, DOJ"
"http://scholars.cornell.edu/individual/org34394","TOTAL S.A."
"http://scholars.cornell.edu/individual/org82944","Environmental Health & Safety"
"http://scholars.cornell.edu/individual/org17922","CARY INSTITUTE OF ECOSYSTEM STUDIES"
"http://scholars.cornell.edu/individual/org64911","Office of the Dean of Johnson School of Management"
"http://scholars.cornell.edu/individual/org74062","CENTRAL JERSEY FAMILY HEALTH CONSORTIUM"
"http://scholars.cornell.edu/individual/org22759","Social Statistics"
"http://scholars.cornell.edu/individual/org74736","LOS ANGELES COUNTY DEPARTMENT OF MENTAL HEALTH"
"http://scholars.cornell.edu/individual/org66748","THE STANTON FOUNDATION"
"http://scholars.cornell.edu/individual/org14631","Labor Dynamics Institute (LDI)"
"http://scholars.cornell.edu/individual/org99844","TERUMO MEDICAL CORPORATION"
"http://scholars.cornell.edu/individual/org98911","JOHN TEMPLETON FOUNDATION"
"http://scholars.cornell.edu/individual/org50622","NORTH AMERICAN POLLINATOR PROTECTION CAMPAIGN"
"http://scholars.cornell.edu/individual/org17825","SOUTH AUSTRALIAN RESEARCH & DEVELOPMENT INSTITUTE"
"http://scholars.cornell.edu/individual/org95376","Art"
"http://scholars.cornell.edu/individual/org17808","UNIVERSITY OF MISSOURI"
"http://scholars.cornell.edu/individual/org24826","GLYCOBIA INC."
"http://scholars.cornell.edu/individual/org66997","AMERICAN DIABETES ASSOCIATION"
"http://scholars.cornell.edu/individual/org42019","EUROPEAN ORGANIZATION FOR NUCLEAR RESEARCH"
"http://scholars.cornell.edu/individual/org42229","CEFIC - EUROPEAN CHEMICAL INDUSTRY COUNCIL"
"http://scholars.cornell.edu/individual/org17366","HOWARD UNIVERSITY"
"http://scholars.cornell.edu/individual/org33206","Asian American Studies Program"
"http://scholars.cornell.edu/individual/org47394","Institute for Workplace Studies (IWS)"
"http://scholars.cornell.edu/individual/org58073","GEOLOGICAL SURVEY, DOI"
"http://scholars.cornell.edu/individual/org40332","Office of the CIO and Vice President for Information Technology"
"http://scholars.cornell.edu/individual/org51992","Institute for German Cultural Studies"
"http://scholars.cornell.edu/individual/org74664","Office of the Vice President of Cornell New York City Tech"
"http://scholars.cornell.edu/individual/org42850","Ornithology Library (Cornell Lab of Ornithology Adelson Library)"
"http://scholars.cornell.edu/individual/org50135","Medieval Studies Program"
"http://scholars.cornell.edu/individual/org74068","AUBURN UNIVERSITY"
"http://scholars.cornell.edu/individual/org33226","SIMONS FOUNDATION"
"http://scholars.cornell.edu/individual/org65757","LOUISIANA STATE UNIVERSITY"
"http://scholars.cornell.edu/individual/org41689","CHS FOUNDATION"
"http://scholars.cornell.edu/individual/org25631","UNITED STATES-ISRAEL BINATIONAL SCIENCE FOUNDATION"
"http://scholars.cornell.edu/individual/org30935","Music"
"http://scholars.cornell.edu/individual/org57831","AMERICAN SOCIETY FOR VETERINARY CLINICAL PATHOLOGY"
"http://scholars.cornell.edu/individual/org91542","KITWARE INC"
"http://scholars.cornell.edu/individual/org82933","UNIVERSITY OF MINNESOTA"
"http://scholars.cornell.edu/individual/org83709","Cornell Institute for Hospitality Labor and Employment Relations (CIHLER)"
"http://scholars.cornell.edu/individual/org71631","International Nutrition Program"
"http://scholars.cornell.edu/individual/org25087","SOUTH DAKOTA STATE UNIVERSITY"
"http://scholars.cornell.edu/individual/org17921","Office of the AUL for Research and Learning Services"
"http://scholars.cornell.edu/individual/org24720","NATL INST OF ALLERGY & INFECTIOUS DISEASE NIH"
"http://scholars.cornell.edu/individual/org49736","SMITHSONIAN ASTROPHYSICAL OBSERVATORY"
"http://scholars.cornell.edu/individual/org90723","LAWRENCE BERKELEY NATIONAL LABORATORY"
"http://scholars.cornell.edu/individual/org32923","NYS DEPT OF HEALTH"
"http://scholars.cornell.edu/individual/org90770","SLOAN FOUNDATION"
"http://scholars.cornell.edu/individual/org62214","Feil Family Brain and Mind Research Institute (BMRI)"
"http://scholars.cornell.edu/individual/org91675","UPPSALA UNIVERSITY"
"http://scholars.cornell.edu/individual/org31858","College of Architecture, Art, and Planning"
"http://scholars.cornell.edu/individual/org49978","UNIVERSITY OF CALIFORNIA, SANTA CRUZ"
"http://scholars.cornell.edu/individual/org42303","SUSTAINABLE FORESTRY INITIATIVE"
"http://scholars.cornell.edu/individual/org35291","South Asia Program"
"http://scholars.cornell.edu/individual/org67020","THRASHER RESEARCH FUND"
"http://scholars.cornell.edu/individual/org51375","Economics"
"http://scholars.cornell.edu/individual/org86203","Food Science"
"http://scholars.cornell.edu/individual/org90645","SHELL"
"http://scholars.cornell.edu/individual/org50008","Kroch Library, Division of Asia Collections"
"http://scholars.cornell.edu/individual/org41149","ELLISON MEDICAL FOUNDATION"
"http://scholars.cornell.edu/individual/org92798","Computing and Information Science"
"http://scholars.cornell.edu/individual/org50516","Hotel Library (Nestle Hotel Library)"
"http://scholars.cornell.edu/individual/org33149","ILLINOIS/INDIANA SEA GRANT"
"http://scholars.cornell.edu/individual/org99197","CALIFORNIA DEPT OF FOOD AND AGRICULTURE"
"http://scholars.cornell.edu/individual/org54087","New York State Wine Analytical Laboratory"
"http://scholars.cornell.edu/individual/org57944","UNIVERSITY OF SOUTH CAROLINA"
"http://scholars.cornell.edu/individual/org16390","IOWA STATE UNIVERSITY"
"http://scholars.cornell.edu/individual/org74332","CENTRE NATIONAL DE LA RECHERCHE SCIENTIFIQUE"
"http://scholars.cornell.edu/individual/org85246","Cornell Institute for Public Affairs (CIPA)"
"http://scholars.cornell.edu/individual/org17024","Weill Cornell Medical College (Doha, Qatar)"
"http://scholars.cornell.edu/individual/org25459","THE CRAIG H. NEILSEN FOUNDATION"
"http://scholars.cornell.edu/individual/org58067","Microbiology"
"http://scholars.cornell.edu/individual/org91322","German Studies"
"http://scholars.cornell.edu/individual/org97822","Cornell Center for Advanced Computing (CAC)"
"http://scholars.cornell.edu/individual/org66059","NYS DEVELOPMENTAL DISABILITIES PLANNING COUNCIL"
"http://scholars.cornell.edu/individual/org26052","INTERNATIONAL LIVESTOCK RESEARCH INSTITUTE"
"http://scholars.cornell.edu/individual/org41979","DRURY UNIVERSITY"
"http://scholars.cornell.edu/individual/org99502","MAGEE TECHNOLOGIES LLC"
"http://scholars.cornell.edu/individual/org90720","AIR FORCE RESEARCH LABORATORY"
"http://scholars.cornell.edu/individual/org40545","Phyllis and David Komansky Center for Children's Health"
"http://scholars.cornell.edu/individual/org57912","SYNGENTA SEED INC."
"http://scholars.cornell.edu/individual/org57374","AIR FORCE OFFICE OF SCIENTIFIC RESEARCH"
"http://scholars.cornell.edu/individual/org42200","Near Eastern Studies"
"http://scholars.cornell.edu/individual/org79111","Cornell Waste Management Institute (CWMI)"
"http://scholars.cornell.edu/individual/org42276","GAP FOUNDATION INC."
"http://scholars.cornell.edu/individual/org57812","UT-BATTELLE LLC"
"http://scholars.cornell.edu/individual/org82882","KAZIMIERZ WIELKI UNIVERSITY"
"http://scholars.cornell.edu/individual/org41618","MARS PETCARE UK"
"http://scholars.cornell.edu/individual/org50365","AMERICAN FLORAL ENDOWMENT"
"http://scholars.cornell.edu/individual/org17633","JAPAN-US FRIENDSHIP COMM"
"http://scholars.cornell.edu/individual/org99422","LUTHERAN FAMILY HEALTH CENTERS"
"http://scholars.cornell.edu/individual/org98903","Mario Einaudi Center for International Studies"
"http://scholars.cornell.edu/individual/org74554","CENTRO INTERNACIONAL DE MEJORAMIENTO"
"http://scholars.cornell.edu/individual/org90696","FIDIA FARMACEUTICI S.P.A."
"http://scholars.cornell.edu/individual/org66511","APPLIED PHYSICS LABORATORY"
"http://scholars.cornell.edu/individual/org82812","NEW YORK SEA GRANT INSTITUTE, STONY BROOK"
"http://scholars.cornell.edu/individual/org74789","UNIVERSITY OF PENNSYLVANIA"
"http://scholars.cornell.edu/individual/org78762","Office of Undergraduate Biology"
"http://scholars.cornell.edu/individual/org25874","SEA GRANT PROGRAM, UNIVERSITY OF WISCONSIN"
"http://scholars.cornell.edu/individual/org75254","SWISS FEDERAL DEPARTMENT OF FOREIGN AFFAIRS"
"http://scholars.cornell.edu/individual/org49979","HONEYWELL INC"
"http://scholars.cornell.edu/individual/org73913","AMERICAN HEART ASSOCIATION"
"http://scholars.cornell.edu/individual/org42030","ESTHER A. & JOSEPH KLINGENSTEIN FUND, INC."
"http://scholars.cornell.edu/individual/org17156","Cornell Institute for Social and Economic Research (CISER)"
"http://scholars.cornell.edu/individual/org42508","Q-PEAK INC."
"http://scholars.cornell.edu/individual/org74836","AMERICAN QUARTER HORSE ASSOCIATION"
"http://scholars.cornell.edu/individual/org15262","Office of the University Librarian"
"http://scholars.cornell.edu/individual/org57469","NASA SHARED SERVICES CENTER"
"http://scholars.cornell.edu/individual/org82311","BURROUGHS WELLCOME FUND"
"http://scholars.cornell.edu/individual/org82436","NATL PARK SERVICE, DOI"
"http://scholars.cornell.edu/individual/org49202","NYS DEPT OF TRANSPORTATION"
"http://scholars.cornell.edu/individual/org41342","LIFE SCIENCES RESEARCH FDN"
"http://scholars.cornell.edu/individual/org85440","Cornell Program for Infrastructure Policy (CPIP)"
"http://scholars.cornell.edu/individual/org58402","THE AMERICAN ASSOCIATION OF IMMUNOLOGISTS, INC."
"http://scholars.cornell.edu/individual/org77824","Student Disability Services (SDS)"
"http://scholars.cornell.edu/individual/org98801","JFE ENGINEERING CORPORATION"
"http://scholars.cornell.edu/individual/org31357","College of Human Ecology"
"http://scholars.cornell.edu/individual/org31815","Cornell Equine Park"
"http://scholars.cornell.edu/individual/org89757","Chemistry and Chemical Biology"
"http://scholars.cornell.edu/individual/org49841","Electrical and Computer Engineering"
"http://scholars.cornell.edu/individual/org91492","SAFEGUARD BIOSYSTEMS HOLDINGS LTD."
"http://scholars.cornell.edu/individual/org71243","Jay Monahan Center for Gastrointestinal Health"
"http://scholars.cornell.edu/individual/org72650","Global Health Program"
"http://scholars.cornell.edu/individual/org49111","New York Sea Grant Program"
"http://scholars.cornell.edu/individual/org27845","Human Biology, Health and Society"
"http://scholars.cornell.edu/individual/org83569","NEW YORK CITY BOARD OF EDUCATION"
"http://scholars.cornell.edu/individual/org20966","Entomology at Geneva"
"org","orgLabel"
"http://scholars.cornell.edu/individual/org94820","Society for the Humanities"
"http://scholars.cornell.edu/individual/org57573","DEFENSE ADVANCED RESEARCH PROJECT AGENCY DOD"
"http://scholars.cornell.edu/individual/org40986","Center for the Study of Inequality (CSI)"
"http://scholars.cornell.edu/individual/org85376","Office of the Dean of the School of Hotel Administration"
"http://scholars.cornell.edu/individual/org41734","DEVELOPMENTAL DISABILITIES PLANNING CNCL"
"http://scholars.cornell.edu/individual/org42029","UNIVERSITY OF VIRGINIA"
"http://scholars.cornell.edu/individual/org33148","AGRICULTURAL RESEARCH SERVICE - WESTERN REGIONAL RESEARCH CENTER"
"http://scholars.cornell.edu/individual/org41896","Office of University Communications"
"http://scholars.cornell.edu/individual/org50018","Olin Library"
"http://scholars.cornell.edu/individual/org41258","VIRGINIA COMMONWEALTH UNIVERSITY"
"http://scholars.cornell.edu/individual/org82541","HIT ROBOT GROUP (US BRANCH) LLC"
"http://scholars.cornell.edu/individual/org50050","NATL HUMAN GENOME RESEARCH INST NIH"
"http://scholars.cornell.edu/individual/org49365","DOW AGROSCIENCES LLC"
"http://scholars.cornell.edu/individual/org42319","NATL INST ON ALCOHOL ABUSE & ALCOHOLISM, NIH"
"http://scholars.cornell.edu/individual/org66648","RAYTHEON COMPANY"
"http://scholars.cornell.edu/individual/org16419","NATL INST OF CHILD HEALTH & HUMAN DEVELOPMENT, NIH"
"http://scholars.cornell.edu/individual/org76447","Classics"
"http://scholars.cornell.edu/individual/org24650","UNIVERSITY OF CALIFORNIA DAVIS"
"http://scholars.cornell.edu/individual/org82916","Cornell Forensics Program"
"http://scholars.cornell.edu/individual/org90642","MARINE MAMMAL COMMISSION"
"http://scholars.cornell.edu/individual/org49891","AGENCY FOR INTERNATIONAL DEVELOPMENT"
"http://scholars.cornell.edu/individual/org44800","Cornell Institute for Research on Children (CIRC)"
"http://scholars.cornell.edu/individual/org64106","Weill Cornell Brain and Spine Center"
"http://scholars.cornell.edu/individual/org33797","UNIVERSITY OF CALIFORNIA, LOS ANGELES"
"http://scholars.cornell.edu/individual/org57461","NYS SCIENCE, TECHNOLOGY AND ACADEMIC RESEARCH"
"http://scholars.cornell.edu/individual/org25923","MARCH OF DIMES,NAT'L FDN FOR"
"http://scholars.cornell.edu/individual/org62105","Biological Statistics and Computational Biology"
"http://scholars.cornell.edu/individual/org49739","UNIVERSITY OF PITTSBURGH"
"http://scholars.cornell.edu/individual/org91757","QATAR UNIVERSITY"
"http://scholars.cornell.edu/individual/org51563","Alumni Affairs and Development"
"http://scholars.cornell.edu/individual/org85057","Cornell University Hospital for Animals"
"http://scholars.cornell.edu/individual/org25215","SMITHSONIAN INSTITUTION"
"http://scholars.cornell.edu/individual/org99687","AMERICAN PUBLIC GARDENS ASSOCIATION"
"http://scholars.cornell.edu/individual/org12091","Cornell Phonetics Lab"
"http://scholars.cornell.edu/individual/org73983","AGRICULTURE RESEARCH SERVICE USDA"
"http://scholars.cornell.edu/individual/org63170","History of Art"
"http://scholars.cornell.edu/individual/org58627","ENGILITY LLC"
"http://scholars.cornell.edu/individual/org55533","Baker Institute for Animal Health"
"http://scholars.cornell.edu/individual/org41613","UNIVERSITY OF NORTH CAROLINA CHAPEL HILL"
"http://scholars.cornell.edu/individual/org75195","THE WINN FELINE FOUNDATION"
"http://scholars.cornell.edu/individual/org50062","NORTH CAROLINA STATE UNIVERSITY"
"http://scholars.cornell.edu/individual/org99753","US NATL SECURITY AGENCY"
"http://scholars.cornell.edu/individual/org99962","SPENCER FOUNDATION"
"http://scholars.cornell.edu/individual/org92423","Cornell International Institute for Food, Agriculture and Development (CIIFAD)"
"http://scholars.cornell.edu/individual/org90964","INSTITUTE FOR BASIC SCIENCE"
"http://scholars.cornell.edu/individual/org70607","International Studies in Planning Program (ISP)"
"http://scholars.cornell.edu/individual/org27521","ILR Extension Administration"
"http://scholars.cornell.edu/individual/org70540","Office of the Dean of ILR"
"http://scholars.cornell.edu/individual/org37272","Office of the Director of Olin and Uris Libraries"
"http://scholars.cornell.edu/individual/org41083","NATL AERONAUTICS & SPACE ADM"
"http://scholars.cornell.edu/individual/org99326","UNIVERSITY OF TORONTO"
"http://scholars.cornell.edu/individual/org87857","The Entrepreneurship and Innovation Institute"
"http://scholars.cornell.edu/individual/org49712","WALMART FOUNDATON"
"http://scholars.cornell.edu/individual/org30687","Tri-Institutional Training Program in Chemical Biology"
"http://scholars.cornell.edu/individual/org24939","ULSTER COUNTY COOPERATIVE EXTENSION"
"http://scholars.cornell.edu/individual/org99453","FORS MARSH GROUP LLC"
"http://scholars.cornell.edu/individual/org99028","UNIVERSITY OF ROCHESTER"
"http://scholars.cornell.edu/individual/org34398","NEW YORK STATE COUNCIL ON THE ARTS"
"http://scholars.cornell.edu/individual/org17996","PALL CORPORATION"
"http://scholars.cornell.edu/individual/org49587","WALTHAM FOUNDATION"
"http://scholars.cornell.edu/individual/org75364","UNIVERSITY OF MASSACHUSETTS MEDICAL SCHOOL"
"http://scholars.cornell.edu/individual/org50162","Cornell Law School"
"http://scholars.cornell.edu/individual/org17463","UNIVERSITY OF NEBRASKA"
"http://scholars.cornell.edu/individual/org82257","TEXAS AGRILIFE RESEARCH OF THE TEXAS A&M UNIVERSITY SYSTEM"
"http://scholars.cornell.edu/individual/org74928","JOHNSON, ROBERT WOOD"
"http://scholars.cornell.edu/individual/org14849","Cornell in Washington"
"http://scholars.cornell.edu/individual/org82200","NYS DEPT OF ENVIRONMENTAL CONSERVATION"
"http://scholars.cornell.edu/individual/org17112","Natural Resources"
"http://scholars.cornell.edu/individual/org83538","ACADEMY OF NUTRITION AND DIETETICS FOUNDATION"
"http://scholars.cornell.edu/individual/org58353","SUNY POLYTECHNIC INSTITUTE"
"http://scholars.cornell.edu/individual/org99083","U.S. FISH & WILDLIFE SERVICE"
"http://scholars.cornell.edu/individual/org33715","UNITED STATES CENSUS BUREAU"
"http://scholars.cornell.edu/individual/org99659","Quality Milk Production Services (QMPS)"
"http://scholars.cornell.edu/individual/org82100","US DEPT OF AGRICULTURE"
"http://scholars.cornell.edu/individual/org99559","JAGUAR ANIMAL HEALTH"
"http://scholars.cornell.edu/individual/org58621","CENTRO NACIONAL DE INVESTIGACIONES DE CAFE"
"http://scholars.cornell.edu/individual/org50258","U.S. ARMY MEDICAL RESEARCH ACQUISITION ACTIVITY"
"http://scholars.cornell.edu/individual/org21239","Cornell Institute for China Economic Research (CICER)"
"http://scholars.cornell.edu/individual/org74196","DEPT OF EDUCATION US"
"http://scholars.cornell.edu/individual/org50020","LUND UNIVERSITY"
"http://scholars.cornell.edu/individual/org25947","THOUSAND ISLAND LAND TRUST"
"http://scholars.cornell.edu/individual/org75164","FARM CREDIT BANKS/ SPRINGFLD"
"http://scholars.cornell.edu/individual/org34013","THE KAVLI FOUNDATION"
"http://scholars.cornell.edu/individual/org74613","HAMAD MEDICAL CORPORATION"
"http://scholars.cornell.edu/individual/org26199","WORLD WILDLIFE FUND"
"http://scholars.cornell.edu/individual/org58641","WAYNE STATE UNIVERSITY"
"http://scholars.cornell.edu/individual/org99244","MUSCULAR DYSTROPHY ASSN"
"http://scholars.cornell.edu/individual/org50660","ECON DEVELOPMENT ADM, DOC"
"http://scholars.cornell.edu/individual/org41090","UNIVERSITY OF ILLINOIS AT URBANA-CHAMPAIGN"
"http://scholars.cornell.edu/individual/org57969","College of Agriculture and Life Sciences"
"http://scholars.cornell.edu/individual/org57049","Nutritional Sciences"
"http://scholars.cornell.edu/individual/org26413","Sackler Institute for Developmental Psychobiology"
"http://scholars.cornell.edu/individual/org99494","NATL CTR FOR NURSING RESEARCH, NIH"
"http://scholars.cornell.edu/individual/org91144","MARKET MATTERS INC."
"http://scholars.cornell.edu/individual/org29122","Cornell Sensory Testing Facility"
"http://scholars.cornell.edu/individual/org75358","AFRICAN DEVELOPMENT BANK"
"http://scholars.cornell.edu/individual/org45405","Management Library (Johnson Graduate School of Management Library)"
"http://scholars.cornell.edu/individual/org90885","ADVANCED RESEARCH PROJECTS AGENCY - ENERGY"
"http://scholars.cornell.edu/individual/org33082","AMERICAN COLLEGE OF VETERINARY INTERNAL MEDICINE FOUNDATION"
"http://scholars.cornell.edu/individual/org53276","Center for Vertebrate Genomics (CVG)"
"http://scholars.cornell.edu/individual/org98932","SIGMA DELTA EPSILON/GRADUATE WOMEN IN SCIENCE"
"http://scholars.cornell.edu/individual/org90757","UNIVERSITY OF BUFFALO"
"http://scholars.cornell.edu/individual/org99446","BALL HORTICULTURAL COMPANY"
"http://scholars.cornell.edu/individual/org93133","Good Agricultural Practices Program (GAPs)"
"http://scholars.cornell.edu/individual/org82055","DAIRY RESEARCH INSTITUTE"
"http://scholars.cornell.edu/individual/org52963","Science and Technology Studies"
"http://scholars.cornell.edu/individual/org98928","INTERNATIONAL LIFE SCIENCES INSTITUTE"
"http://scholars.cornell.edu/individual/org41653","WOODS HOLE OCEANOGRAPHIC INSTITUTE"
"http://scholars.cornell.edu/individual/org29616","University Press"
"http://scholars.cornell.edu/individual/org33121","INNER MONGOLIA YILI INDUSTRIAL GROUP CO. LTD."
"http://scholars.cornell.edu/individual/org99085","UNITED STATES BUSINESS LEADERSHIP NETWORK"
"http://scholars.cornell.edu/individual/org99801","New York State Integrated Pest Management Program (IPM)"
"http://scholars.cornell.edu/individual/org24822","NYS DEPT OF AG & MARKETS"
"http://scholars.cornell.edu/individual/org25282","STANFORD UNIVERSITY"
"http://scholars.cornell.edu/individual/org82884","NEW YORK CORN & SOYBEAN GROWERS ASSOCIATION"
"http://scholars.cornell.edu/individual/org58772","Office of the Dean of the College of Arts and Sciences"
"http://scholars.cornell.edu/individual/org89963","Weill Cornell Medical College in Qatar eLibrary"
"http://scholars.cornell.edu/individual/org73506","Judith Reppy Institute for Peace and Conflict Studies"
"http://scholars.cornell.edu/individual/org51715","Systems Engineering"
"http://scholars.cornell.edu/individual/org16799","ELDER JUSTICE FOUNDATION, INC."
"http://scholars.cornell.edu/individual/org82286","UNIVERSITY OF TEXAS AT AUSTIN"
"http://scholars.cornell.edu/individual/org75152","HOSPITAL FOR SPECIAL SURGERY"
"http://scholars.cornell.edu/individual/org62634","Development Sociology"
"http://scholars.cornell.edu/individual/org93185","Atkinson Center for a Sustainable Future (ACSF)"
"http://scholars.cornell.edu/individual/org27506","Cornell Cooperative Extension New York City (CUCE-NYC)"
"http://scholars.cornell.edu/individual/org25283","NEW WORLD FOUNDATION"
"http://scholars.cornell.edu/individual/org69633","John S. Knight Institute"
"http://scholars.cornell.edu/individual/org50674","BAYER ANIMAL HEALTH GMBH"
"http://scholars.cornell.edu/individual/org31653","Office of the Vice President for Human Resources"
"http://scholars.cornell.edu/individual/org69632","Office of University Registrar"
"http://scholars.cornell.edu/individual/org96766","Plant Pathology and Plant-Microbe Biology Section"
"http://scholars.cornell.edu/individual/org33609","TOYON RESEARCH CORPORATION"
"http://scholars.cornell.edu/individual/org25946","THE UNIVERSITY OF EDINBURGH"
"http://scholars.cornell.edu/individual/org83388","CALIFORNIA DEPARTMENT OF WATER RESOURCES"
"http://scholars.cornell.edu/individual/org74989","UNIVERSITY OF CALIFORNIA SAN FRANCISCO"
"http://scholars.cornell.edu/individual/org33225","NOVA SOUTHEASTERN UNIVERSITY"
"http://scholars.cornell.edu/individual/org51414","Molecular Medicine"
"http://scholars.cornell.edu/individual/org49770","AMERICAN KENNEL CLUB CANINE HEALTH FOUNDATION"
"http://scholars.cornell.edu/individual/org16425","UNIVERSITY OF SOUTHERN MISSISSIPPI"
"http://scholars.cornell.edu/individual/org94546","Fine Arts Library"
"http://scholars.cornell.edu/individual/org42192","JUVENILE DIABETES FND INTN'L"
"http://scholars.cornell.edu/individual/org30779","Cornell MRI Facility (CMRIF)"
"http://scholars.cornell.edu/individual/org99324","TEAGLE FOUNDATION"
"http://scholars.cornell.edu/individual/org57816","INSTITUTE OF INTERNATIONAL EDUCATION"
"http://scholars.cornell.edu/individual/org66829","SPASTIC PARAPLEGIA FOUNDATION INC."
"http://scholars.cornell.edu/individual/org24782","UNIVERSITY OF CALIFORNIA, SANTA BARBARA"
"http://scholars.cornell.edu/individual/org24739","UNITED STATES-INDIA EDUCATIONAL FOUNDATION"
"http://scholars.cornell.edu/individual/org96024","Institute for Health Economics, Health Behavior, and Disparities"
"http://scholars.cornell.edu/individual/org41584","FARADAY TECHNOLOGY INC."
"http://scholars.cornell.edu/individual/org58215","XINTELA AB"
"http://scholars.cornell.edu/individual/org48128","Office of the Executive Vice President for Finance and Chief Financial Officer"
"http://scholars.cornell.edu/individual/org74075","TEXAS A&M UNIVERSITY"
"http://scholars.cornell.edu/individual/org94732","Center for Hospitality Research (CHR)"
"http://scholars.cornell.edu/individual/org19800","Kroch Library, Division of Rare & Manuscript Collections (Carl A. Kroch Library)"
"http://scholars.cornell.edu/individual/org66770","THE WILDLIFE CONSERVATION SOCIETY"
"http://scholars.cornell.edu/individual/org65940","SPANISH NATIONAL RESEARCH COUNCIL"
"http://scholars.cornell.edu/individual/org62682","Operations Research and Information Engineering"
"http://scholars.cornell.edu/individual/org41656","NYS PARKS & RECREATION"
"http://scholars.cornell.edu/individual/org74221","NEW LIGHT TECHNOLOGIES INC."
"http://scholars.cornell.edu/individual/org27092","Lesbian, Gay, Bisexual & Transgender Studies"
"http://scholars.cornell.edu/individual/org16852","DIRECTORATE FOR SOCIAL BEHAVIORAL & ECONOMIC SCIENCES NSF"
"http://scholars.cornell.edu/individual/org31607","Food Science & Technology at Geneva"
"http://scholars.cornell.edu/individual/org41293","NATL INST OF NEUR DIS & STROKE, NIH"
"http://scholars.cornell.edu/individual/org66494","POLYTECHNIC UNIVERSITY OF CATALONIA"
"http://scholars.cornell.edu/individual/org70943","Institute for the Social Sciences (ISS)"
"http://scholars.cornell.edu/individual/org33927","TEAGASC"
"http://scholars.cornell.edu/individual/org41341","VENTUREWELL"
"http://scholars.cornell.edu/individual/org73309","Northeast Regional Climate Center (NRCC)"
"http://scholars.cornell.edu/individual/org90413","OFFICE OF THE DIRECTOR NIH"
"http://scholars.cornell.edu/individual/org91438","EPPLEY FOUNDATION FOR RSCH"
"http://scholars.cornell.edu/individual/org65847","UNIVERSITE DE SHERBROOKE"
"http://scholars.cornell.edu/individual/org66364","USDA-ARS APPALACHIAN FRUIT RESEARCH STATION"
"http://scholars.cornell.edu/individual/org57934","SCHOONER FOUNDATION"
"http://scholars.cornell.edu/individual/org40820","Division of Budget and Planning"
"http://scholars.cornell.edu/individual/org74161","UNIVERSITY OF ROCHESTER MEDICAL CENTER"
"http://scholars.cornell.edu/individual/org50658","COTTON INC."
"http://scholars.cornell.edu/individual/org50602","IDIAP RESEARCH INSTITUTE"
"http://scholars.cornell.edu/individual/org34147","REBECCA CLARKE SOCIETY INC"
"http://scholars.cornell.edu/individual/org32346","National Biomedical Center for Advanced ESR Technology (ACERT)"
"http://scholars.cornell.edu/individual/org33094","UNIVERSITY OF CALIFORNIA BERKELEY"
"http://scholars.cornell.edu/individual/org66017","MASSACHUSETTS INSTITUTE OF TECHNOLOGY"
"http://scholars.cornell.edu/individual/org91065","GRANT,W T FOUNDATION"
"http://scholars.cornell.edu/individual/org18017","SUNY BUFFALO STATE"
"http://scholars.cornell.edu/individual/org73519","Survey Research Institute (SRI)"
"http://scholars.cornell.edu/individual/org55715","Office of the Vice President for Finance and CFO"
"http://scholars.cornell.edu/individual/org39461","Cornell Center for Comparative and Population Genomics (3CPG)"
"http://scholars.cornell.edu/individual/org65810","KUBOTA CORPORATION"
"http://scholars.cornell.edu/individual/org96673","Office of the Vice President for Infrastructure Properties and Planning"
"http://scholars.cornell.edu/individual/org34080","SEATTLE CHILDREN'S RESEARCH INSTITUTE"
"http://scholars.cornell.edu/individual/org51049","Weill Cornell Medical College Library"
"http://scholars.cornell.edu/individual/org76324","Cornell Center for Astrophysics & Planetary Science (CCAPS)"
"http://scholars.cornell.edu/individual/org42189","Materials Science and Engineering"
"http://scholars.cornell.edu/individual/org91640","YALE UNIVERSITY"
"http://scholars.cornell.edu/individual/org93835","Applied and Engineering Physics"
"http://scholars.cornell.edu/individual/org24753","GEORGIA STATE UNIVERSITY"
"http://scholars.cornell.edu/individual/org59465","Janet L. Swanson Wildlife Health Center"
"http://scholars.cornell.edu/individual/org33545","HUMAN FRONTIER SCI PROG/INT'L"
"http://scholars.cornell.edu/individual/org95026","Tri-Institutional Therapeutics Discovery Institute"
"http://scholars.cornell.edu/individual/org24678","The Ronald O. Perelman and Claudia Cohen Center for Reproductive Medicine (CRM)"
"http://scholars.cornell.edu/individual/org55296","Cornell Cooperative Extension"
"http://scholars.cornell.edu/individual/org83746","K. Lisa Yang and Hock E. Tan Institute on Employment and Disability"
"http://scholars.cornell.edu/individual/org52741","Bronfenbrenner Center for Translational Research (BCTR)"
"http://scholars.cornell.edu/individual/org98582","ZOETIS"
"http://scholars.cornell.edu/individual/org50299","JOHNS HOPKINS UNIVERSITY"
"http://scholars.cornell.edu/individual/org87823","Helen and Robert Appel Alzheimer's Disease Research Institute"
"http://scholars.cornell.edu/individual/org17495","ECOAGRICULTURE PARTNERS"
"http://scholars.cornell.edu/individual/org45776","Mathematics"
"http://scholars.cornell.edu/individual/org20480","Office of the Dean of AAP"
"http://scholars.cornell.edu/individual/org26083","TWIN CITIES PUBLIC TELEVISION"
"http://scholars.cornell.edu/individual/org32982","KOREA ADVANCED INSTITUTE OF SCIENCE AND TECHNOLOGY"
"http://scholars.cornell.edu/individual/org16088","Neurobiology and Behavior"
"http://scholars.cornell.edu/individual/org66583","UNIVERSITY OF DELAWARE"
"http://scholars.cornell.edu/individual/org48507","Herbert F. Johnson Museum of Art"
"http://scholars.cornell.edu/individual/org98699","GENESEE VALLEY REGIONAL MARKET"
"http://scholars.cornell.edu/individual/org58377","DELOITTE TAX LLP"
"http://scholars.cornell.edu/individual/org91683","BOSTON UNIVERSITY"
"http://scholars.cornell.edu/individual/org61441","Office of Faculty Development & Diversity (OFDD)"
"http://scholars.cornell.edu/individual/org41512","UNIVERSITY OF FLORIDA"
"http://scholars.cornell.edu/individual/org90425","PRINCETON UNIVERSITY"
"http://scholars.cornell.edu/individual/org64642","Weill Cornell Graduate School of Medical Sciences (NYC)"
"http://scholars.cornell.edu/individual/org90729","NEW JERSEY INST. OF TECHNOLOGY"
"http://scholars.cornell.edu/individual/org82149","U OF GEORGIA RESEARCH FOUNDATION"
"http://scholars.cornell.edu/individual/org83054","INTERCHURCH MEDICAL ASSISTANCE, INC."
"http://scholars.cornell.edu/individual/org77312","Cornell's Adult University"
"http://scholars.cornell.edu/individual/org57824","INTERNATIONAL POTATO CENTER"
"http://scholars.cornell.edu/individual/org43570","Cornell Feline Health Center"
"http://scholars.cornell.edu/individual/org74073","NATL CANCER INSTITUTE NIH"
"http://scholars.cornell.edu/individual/org68670","Cornell Population Center (CPC)"
"http://scholars.cornell.edu/individual/org99155","Engineering Library"
"http://scholars.cornell.edu/individual/org91749","DIA SORIN S.P.A."
"http://scholars.cornell.edu/individual/org58991","IUP RESEARCH INSTITUTE"
"http://scholars.cornell.edu/individual/org91061","American Studies Program"
"http://scholars.cornell.edu/individual/org34325","COOPER TIRE & RUBBER COMPANY"
"http://scholars.cornell.edu/individual/org58330","Program of Computer Graphics"
"http://scholars.cornell.edu/individual/org91561","WASHINGTON STATE UNIVERSITY"
"http://scholars.cornell.edu/individual/org99784","CARNEGIE CORP OF NY"
"http://scholars.cornell.edu/individual/org32891","GENERAL MOTORS"
"http://scholars.cornell.edu/individual/org74993","ECONOMIC RESEARCH SERVICE, USDA"
"http://scholars.cornell.edu/individual/org32297","Cornell Center for Reproductive Genomics (CRG)"
"http://scholars.cornell.edu/individual/org58258","Office of the Dean of the College of Agriculture and Life Sciences"
"http://scholars.cornell.edu/individual/org81927","NATL INST OF HEALTH DHHS"
"http://scholars.cornell.edu/individual/org82661","LEHIGH UNIVERSITY"
"http://scholars.cornell.edu/individual/org49785","OVARIAN CANCER RESEARCH FUND"
"http://scholars.cornell.edu/individual/org90983","AMERICAN CANCER SOCIETY"
"http://scholars.cornell.edu/individual/org24212","Biological and Environmental Engineering"
"http://scholars.cornell.edu/individual/org74706","DUPONT CROP PROTECTION"
"http://scholars.cornell.edu/individual/org80385","Office of the Dean of the School of Continuing Education and Summer Sessions"
"http://scholars.cornell.edu/individual/org99178","TETRA TECH INC"
"http://scholars.cornell.edu/individual/org43533","Center for Real Estate and Finance (CREF)"
"http://scholars.cornell.edu/individual/org41057","Parker Center for Investment Research"
"http://scholars.cornell.edu/individual/org90410","UNIVERSITY OF WYOMING"
"http://scholars.cornell.edu/individual/org99715","Library Administration"
"http://scholars.cornell.edu/individual/org58309","QUALCOMM MEMS TECHNOLOGIES, INC"
"http://scholars.cornell.edu/individual/org76798","Soil and Crop Sciences Section"
"http://scholars.cornell.edu/individual/org58554","GLOBAL CROP DIVERSITY TRUST"
"http://scholars.cornell.edu/individual/org33058","Joan & Irwin Jacobs Technion-Cornell Institute"
"http://scholars.cornell.edu/individual/org54786","Professional Studies"
"http://scholars.cornell.edu/individual/org80031","Clinical Sciences"
"http://scholars.cornell.edu/individual/org25267","SMITH-RICHARDSON FDN"
"http://scholars.cornell.edu/individual/org32427","Earth and Atmospheric Sciences"
"http://scholars.cornell.edu/individual/org42183","BLUE MARBLE PROJECT, LLC"
"http://scholars.cornell.edu/individual/org58349","BROOKLYN COLLEGE"
"http://scholars.cornell.edu/individual/org82535","ALPHAWOOD FOUNDATION"
"http://scholars.cornell.edu/individual/org25039","UNIVERSITY OF MAINE"
"http://scholars.cornell.edu/individual/org49078","Aquatic Animal Health Program"
"http://scholars.cornell.edu/individual/org17783","ELIA LIFE TECHNOLOGY INC."
"http://scholars.cornell.edu/individual/org81939","UNIVERSITY OF NOTRE DAME"
"http://scholars.cornell.edu/individual/org25777","GATS INC."
"http://scholars.cornell.edu/individual/org47818","Landscape Architecture"
"http://scholars.cornell.edu/individual/org38912","China and Asia-Pacific Studies (CAP)"
"http://scholars.cornell.edu/individual/org48637","Plant Breeding and Genetics Section"
"http://scholars.cornell.edu/individual/org18038","UNIVERSITY OF MEMPHIS"
"http://scholars.cornell.edu/individual/org37483","Language Resource Center"
"http://scholars.cornell.edu/individual/org83191","INFINITUS COMPANY LTD (CHINA)"
"http://scholars.cornell.edu/individual/org38185","New York State Water Resources Institute (NYSWRI)"
"http://scholars.cornell.edu/individual/org65970","BAYER CROPSCIENCE"
"http://scholars.cornell.edu/individual/org82477","NATL INST OF MENTAL HEALTH, NIH"
"http://scholars.cornell.edu/individual/org67104","NOVARTIS"
"http://scholars.cornell.edu/individual/org98751","PFIZER ANIMAL HEALTH"
"http://scholars.cornell.edu/individual/org79771","Office of the President"
"http://scholars.cornell.edu/individual/org47642","Center for the Study of Economy and Society (CSES)"
"http://scholars.cornell.edu/individual/org40988","BATTELLE-PACIFIC NORTHWEST"
"http://scholars.cornell.edu/individual/org25509","Office of the Vice President for Student and Campus Life"
"http://scholars.cornell.edu/individual/org83919","International Program in the College of Agriculture and Life Sciences "
"http://scholars.cornell.edu/individual/org90564","NATL INST OF DEAFNESS & OTHER COMM DISORDER, NIH"
"http://scholars.cornell.edu/individual/org91484","MERCK AND COMPANY, INC"
"http://scholars.cornell.edu/individual/org17906","VILLAGE OF CAYUGA HEIGHTS"
"http://scholars.cornell.edu/individual/org79361","Plant Pathology Program"
"http://scholars.cornell.edu/individual/org59002","ZYMTRONIX CATALYTIC SYSTEMS, INC."
"http://scholars.cornell.edu/individual/org59320","BR Venture Fund"
"http://scholars.cornell.edu/individual/org98823","Center for Complementary and Integrative Medicine"
"http://scholars.cornell.edu/individual/org60543","Weill Cornell Medical College (NYC)"
"http://scholars.cornell.edu/individual/org51392","Government"
"http://scholars.cornell.edu/individual/org90268","NEW YORK UNIVERSITY"
"http://scholars.cornell.edu/individual/org24807","NEW YORK STATE ENERGY RESEARCH AND DEVELOPMENT AUTHORITY"
"http://scholars.cornell.edu/individual/org49853","HOWARD HUGHES MEDICAL INST"
"http://scholars.cornell.edu/individual/org94053","Physical Sciences Library (Edna McConnell Clark Library)"
"http://scholars.cornell.edu/individual/org66142","COLUMBIA UNIVERSITY"
"http://scholars.cornell.edu/individual/org31047","Laboratory of Plasma Studies (LPS)"
"http://scholars.cornell.edu/individual/org75939","Comparative Literature"
"http://scholars.cornell.edu/individual/org17737","Plant Disease Diagnostic Laboratory"
"http://scholars.cornell.edu/individual/org74250","PEST MANAGEMENT FOUNDATION"
"http://scholars.cornell.edu/individual/org68826","Performing and Media Arts"
"http://scholars.cornell.edu/individual/org75400","Animal Science"
"http://scholars.cornell.edu/individual/org91280","UNIVERSITY OF WISCONSIN SYSTEM"
"http://scholars.cornell.edu/individual/org98030","Boyce Thompson Institute for Plant Research, Inc. (BTI)"
"http://scholars.cornell.edu/individual/org24892","CARNEGIE-MELLON UNIVERSITY"
"http://scholars.cornell.edu/individual/org26011","NATIONAL INSTITUTE OF BIOMEDICAL IMAGING & BIOENGINEERING NIH"
"http://scholars.cornell.edu/individual/org39076","Computational Science and Engineering"
"http://scholars.cornell.edu/individual/org58463","CORNING, INC."
"http://scholars.cornell.edu/individual/org98355","NYS DEPT OF EDUCATION"
"http://scholars.cornell.edu/individual/org66715","WASHINGTON CENTER FOR EQUITABLE GROWTH"
"http://scholars.cornell.edu/individual/org89721","College of Arts and Sciences"
"http://scholars.cornell.edu/individual/org50073","COLD SPRING HARBOR LABORATORY"
"http://scholars.cornell.edu/individual/org85195","Labor Relations, Law and History"
"http://scholars.cornell.edu/individual/org17056","THE WOODROW WILSON NATIONAL FELLOWSHIP FOUNDATION"
"http://scholars.cornell.edu/individual/org19045","Sandra and Edward Meyer Cancer Center"
"http://scholars.cornell.edu/individual/org19458","Cornell Ruffian Equine Specialty Center"
"http://scholars.cornell.edu/individual/org75328","THE SARAH K. DE COIZART ARTICLE TENTH PERPETUAL CHARITABLE TRUST"
"http://scholars.cornell.edu/individual/org16579","INTEL CORP"
"http://scholars.cornell.edu/individual/org91536","ATC-NY INC."
"http://scholars.cornell.edu/individual/org41145","MALIN SPACE SCIENCE SYSTEMS"
"http://scholars.cornell.edu/individual/org33358","HELMHOLTZ ZENTRUM MUNCHEN (GMBH)"
"http://scholars.cornell.edu/individual/org66784","DARTMOUTH COLLEGE"
"http://scholars.cornell.edu/individual/org73654","Baker Program in Real Estate"
"http://scholars.cornell.edu/individual/org33126","FOUND ANIMALS FOUNDATION"
"http://scholars.cornell.edu/individual/org25876","SAMSUNG ELECTRONICS COMPANY LTD"
"http://scholars.cornell.edu/individual/org80749","Architecture, Art & Planning NYC Program"
"http://scholars.cornell.edu/individual/org75291","NORTHEAST GATEWAY ENERGY BRIDGE, LLC"
"http://scholars.cornell.edu/individual/org92208","Cornell Electroacoustic Music Center (CEMC)"
"http://scholars.cornell.edu/individual/org33827","UNIVERSITY OF TEXAS MEDICAL BRANCH"
"http://scholars.cornell.edu/individual/org70165","Center for Study of Pulsed-Power-Driven High Energy Density Plasmas"
"http://scholars.cornell.edu/individual/org90456","OFFICE OF NAVAL RESEARCH DOD"
"http://scholars.cornell.edu/individual/org82171","NATIONAL FISH AND WILDLIFE FOUNDATION"
"http://scholars.cornell.edu/individual/org91624","DREYFUS,CAMILLE & HENRY"
"http://scholars.cornell.edu/individual/org32801","AGUACLARA LLC"
"http://scholars.cornell.edu/individual/org44473","Comparative Cancer Biology Program"
"http://scholars.cornell.edu/individual/org82250","THE DALIAN UNIVERSITY OF TECHNOLOGY"
"http://scholars.cornell.edu/individual/org16400","NATIONAL INSTITUTE OF FOOD AND AGRICULTURE-USDA"
"http://scholars.cornell.edu/individual/org17850","SCIENCENTER"
"http://scholars.cornell.edu/individual/org14985","Anthropology"
"http://scholars.cornell.edu/individual/org99867","AMERICAN SEED RESEARCH FDN"
"http://scholars.cornell.edu/individual/org50644","AMERICAN ASSOCIATION FOR LABORATORY ANIMAL SCIENCE"
"http://scholars.cornell.edu/individual/org99167","LOS ALAMOS NATL LAB"
"http://scholars.cornell.edu/individual/org83126","KANSAS STATE UNIVERSITY"
"http://scholars.cornell.edu/individual/org98941","UNIVERSITY OF IDAHO"
"http://scholars.cornell.edu/individual/org91173","THOMAS JEFFERSON NATIONAL ACCELERATOR FACILITY"
"http://scholars.cornell.edu/individual/org25887","ADMINISTRATION FOR COMMUNITY LIVING"
"http://scholars.cornell.edu/individual/org58922","USDA ARS HORTICULTURAL CROPS RESEARCH UNIT"
"http://scholars.cornell.edu/individual/org86520","School of Industrial and Labor Relations"
"http://scholars.cornell.edu/individual/org41752","CHDI FOUNDATION INC."
"http://scholars.cornell.edu/individual/org58837","NATL RENEWABLE ENERGY LAB"
"http://scholars.cornell.edu/individual/org82554","DIRECTORATE FOR ENGINEERING NSF"
"http://scholars.cornell.edu/individual/org42603","HIGH TECH ROCHESTER INC."
"http://scholars.cornell.edu/individual/org82262","TECHNICAL DATA ANALYSIS INC."
"http://scholars.cornell.edu/individual/org73341","College of Engineering"
"http://scholars.cornell.edu/individual/org16742","ANSYS INC."
"http://scholars.cornell.edu/individual/org32186","Cornell Abroad"
"http://scholars.cornell.edu/individual/org58575","MELLON, ANDREW W. FDN"
"http://scholars.cornell.edu/individual/org52737","Labor and Employment Law Program"
"http://scholars.cornell.edu/individual/org82138","RUSSELL SAGE FDN"
"http://scholars.cornell.edu/individual/org48219","New York State Agricultural Experiment Station, Geneva"
"http://scholars.cornell.edu/individual/org45904","Africana Library (John Henrik Clarke Africana Library)"
"http://scholars.cornell.edu/individual/org41086","AGAVE BIOSYSTEMS"
"http://scholars.cornell.edu/individual/org49885","CALIFORNIA INSTITUTE OF TECHNOLOGY"
"http://scholars.cornell.edu/individual/org58675","CARNEGIE INSTITUTION OF WASHINGTON"
"http://scholars.cornell.edu/individual/org99067","Cornell Institute for Climate Change and Agriculture (CICCA)"
"http://scholars.cornell.edu/individual/org75340","Law, Psychology, and Human Development Center"
"http://scholars.cornell.edu/individual/org98895","NORTHEAST COLLABORATIVE ACCESS TEAM"
"http://scholars.cornell.edu/individual/org65972","FOREIGN AGRICULTURAL SERVICE USDA"
"http://scholars.cornell.edu/individual/org17359","MCKNIGHT FOUNDATION"
"http://scholars.cornell.edu/individual/org24768","History"
"http://scholars.cornell.edu/individual/org49820","SCR DAIRY INC."
"http://scholars.cornell.edu/individual/org62376","Office of University Relations"
"http://scholars.cornell.edu/individual/org59961","Cornell High Energy Synchrotron Source (CHESS)"
"http://scholars.cornell.edu/individual/org23859","Weill Institute for Cell and Molecular Biology"
"http://scholars.cornell.edu/individual/org39208","Leland C. and Mary M. Pillsbury Institute for Hospitality Entrepreneurship"
"http://scholars.cornell.edu/individual/org74011","PENNSYLVANIA STATE UNIV"
"http://scholars.cornell.edu/individual/org90637","DIRECTORATE FOR GEOSCIENCES"
"http://scholars.cornell.edu/individual/org40098","Computational Biology"
"http://scholars.cornell.edu/individual/org57707","Admissions and Financial Aid"
"http://scholars.cornell.edu/individual/org75555","Institute of Biotechnology"
"http://scholars.cornell.edu/individual/org50757","INTER-AMERICAN INSTITUTE FOR COOPERATION ON AGRICULTURE"
"http://scholars.cornell.edu/individual/org91531","NATIONAL CROP INSURANCE SERVICES"
"http://scholars.cornell.edu/individual/org26107","US ARMY"
"http://scholars.cornell.edu/individual/org41743","SOUTHERN GARDENS CITRUS NURSERY, LLC"
"http://scholars.cornell.edu/individual/org20700","Population Medicine and Diagnostic Sciences"
"http://scholars.cornell.edu/individual/org52763","Center for Vascular Biology"
"http://scholars.cornell.edu/individual/org41098","SUNY STONY BROOK"
"http://scholars.cornell.edu/individual/org41028","JET PROPULSION LABORATORY"
"http://scholars.cornell.edu/individual/org75226","ALZHEIMER'S ASSOCIATION"
"http://scholars.cornell.edu/individual/org32977","BETH ISRAEL DEACONESS MEDICAL CENTER"
"http://scholars.cornell.edu/individual/org91399","NORTHWESTERN UNIVERSITY"
"http://scholars.cornell.edu/individual/org49875","NYS OFFICE OF TEMPORARY AND DISABILITY ASSISTANCE"
"http://scholars.cornell.edu/individual/org66023","THE GERBER FOUNDATION"
"http://scholars.cornell.edu/individual/org93693","Horticulture Section"
"http://scholars.cornell.edu/individual/org23199","Communication"
"http://scholars.cornell.edu/individual/org74410","NATURAL RESOURCES INSTITUTE"
"http://scholars.cornell.edu/individual/org74548","WHITEHALL FOUNDATION"
"http://scholars.cornell.edu/individual/org33600","ADMINISTRATION FOR CHILDREN AND FAMILIES"
"http://scholars.cornell.edu/individual/org32997","UNIVERSITY OF MASSACHUSETTS AMHERST"
"http://scholars.cornell.edu/individual/org91312","SLAC NATIONAL ACCELERATOR LABORATORY"
"http://scholars.cornell.edu/individual/org62465","Plant Pathology and Plant-Microbe Biology Section, Geneva"
"http://scholars.cornell.edu/individual/org86591","Cornell NanoScale Facility (CNF)"
"http://scholars.cornell.edu/individual/org82426","PURDUE UNIVERSITY"
"http://scholars.cornell.edu/individual/org83520","VIRGINIA DEPT. OF GAME AND INLAND FISHERIES"
"http://scholars.cornell.edu/individual/org25226","NATL HEART LUNG & BLOOD INST, NIH"
"http://scholars.cornell.edu/individual/org43587","Developmental Resource for Biophysical Imaging Optoelectronics (DRBIO)"
"http://scholars.cornell.edu/individual/org19163","Physics"
"http://scholars.cornell.edu/individual/org34017","AGENCY FOR HEALTHCARE RESEARCH AND QUALITY"
"http://scholars.cornell.edu/individual/org80205","Shoals Marine Laboratory"
"http://scholars.cornell.edu/individual/org66344","NATL OCEANIC AND ATMOSPHERIC ADMINISTRATION, DOC"
"http://scholars.cornell.edu/individual/org66866","NATIONAL OCEANIC AND ATMOSPHERIC ADMINISTRATION-NATIONAL CLIMATIC DATA CENTER"
"http://scholars.cornell.edu/individual/org65687","FOOD & DRUG ADMINISTRATION, DHHS"
"http://scholars.cornell.edu/individual/org56833","Air force Reserve Officers Training Corps (AFROTC)"
"http://scholars.cornell.edu/individual/org67113","CLIF BAR FAMILY FOUNDATION"
"http://scholars.cornell.edu/individual/org50181","Center for Analytic Economics"
"http://scholars.cornell.edu/individual/org67196","NETHERLANDS INSTITUTE FOR ART HISTORY"
"http://scholars.cornell.edu/individual/org65772","NORTHROP GRUMMAN CORPORATION"
"http://scholars.cornell.edu/individual/org28052","Office of the Dean of the College of Human Ecology"
"http://scholars.cornell.edu/individual/org98710","NORFOLK STATE UNIVERSITY"
"http://scholars.cornell.edu/individual/org49512","MINNESOTA DEPARTMENT OF AGRICULTURE"
"http://scholars.cornell.edu/individual/org99005","NATL CTR FOR RESEARCH RESOURCES, NIH"
"http://scholars.cornell.edu/individual/org90223","US DEPT OF INTERIOR"
"http://scholars.cornell.edu/individual/org11048","Legal Information Institute"
"http://scholars.cornell.edu/individual/org90255","MICRONUTRIENT INITIATIVE"
"http://scholars.cornell.edu/individual/org34071","SUNY COLLEGE OF ENVIRONMENTAL SCIENCE AND FORESTRY"
"http://scholars.cornell.edu/individual/org98998","ENTEROME."
"http://scholars.cornell.edu/individual/org34143","NEW YORK STATE TURFGRASS ASSOCIATION"
"http://scholars.cornell.edu/individual/org17208","Cornell Laboratory for Accelerator-based Sciences and Education (CLASSE)"
"http://scholars.cornell.edu/individual/org73870","Architecture"
"http://scholars.cornell.edu/individual/org25257","SEJONG UNIVERSITY"
"http://scholars.cornell.edu/individual/org67004","GREAT LAKES OBSERVING SYSTEM"
"http://scholars.cornell.edu/individual/org41072","NEW YORK FARM VIABILITY INSTITUTE"
"http://scholars.cornell.edu/individual/org34225","NUCLEAR REGULATORY COMM"
"http://scholars.cornell.edu/individual/org82071","AMERICAN CHEMICAL SOCIETY"
"http://scholars.cornell.edu/individual/org32935","HEINZ ENDOWMENTS"
"http://scholars.cornell.edu/individual/org14635","Parkinson's Disease & Movement Disorders Institute"
"http://scholars.cornell.edu/individual/org65750","FUTURE OF LIFE"
"http://scholars.cornell.edu/individual/org17070","SYRACUSE UNIVERSITY"
"http://scholars.cornell.edu/individual/org01865","Cornell University"
"http://scholars.cornell.edu/individual/org41344","NYS OFFICE OF CHILDREN AND FAMILY SERVICES"
"http://scholars.cornell.edu/individual/org65652","AMERICAN SOC INTERIOR DESIGN FDN"
"http://scholars.cornell.edu/individual/org33816","UNIVERSITIES RESEARCH ASSOC"
"http://scholars.cornell.edu/individual/org33473","NYS DEPT OF LABOR"
"http://scholars.cornell.edu/individual/org91297","I2 AIR FLUID INNOVATIONS"
"http://scholars.cornell.edu/individual/org26041","THE ASSOCIATION OF STATE FLOODPLAIN MANAGERS"
"http://scholars.cornell.edu/individual/org84947","Latina/o Studies Program"
"http://scholars.cornell.edu/individual/org57674","WEST VIRGINIA UNIVERSITY RESEARCH CORPORATION"
"http://scholars.cornell.edu/individual/org50813","CHINA HAN BAN"
"http://scholars.cornell.edu/individual/org57582","NATURAL RESOURCES CONSERVATION SERVICE, USDA"
"http://scholars.cornell.edu/individual/org95522","Kavli Institute at Cornell for Nanoscale Science"
"http://scholars.cornell.edu/individual/org91717","SANDIA LABORATORIES"
"http://scholars.cornell.edu/individual/org16426","RUTGERS STATE UNIV OF NJ"
"http://scholars.cornell.edu/individual/org39069","City and Regional Planning"
"http://scholars.cornell.edu/individual/org98878","EPIMED INTERNATIONAL, INC."
"http://scholars.cornell.edu/individual/org41991","UNIVERSITY OF CALIFORNIA,  SAN DIEGO"
"http://scholars.cornell.edu/individual/org97501","Policy Analysis and Management"
"http://scholars.cornell.edu/individual/org90756","EXELIS INC."
"http://scholars.cornell.edu/individual/org74393","SOUTHWEST RESEARCH INSTITUTE"
"http://scholars.cornell.edu/individual/org25172","ARMY RESEARCH DEVELOPMENT AND ENGINEERING COMMAND"
"http://scholars.cornell.edu/individual/org71826","Asian Studies"
"http://scholars.cornell.edu/individual/org59421","Cornell Agriculture and Food Technology Park"
"http://scholars.cornell.edu/individual/org74661","EGG NUTRITION CENTER"
"http://scholars.cornell.edu/individual/org73864","BROOKHAVEN NATIONAL LAB"
"http://scholars.cornell.edu/individual/org15006","Civil and Environmental Engineering"
"http://scholars.cornell.edu/individual/org65923","Naval Reserve Officers Training Corps (NROTC)"
"http://scholars.cornell.edu/individual/org74741","Samuel Curtis Johnson Graduate School of Management"
"http://scholars.cornell.edu/individual/org50128","CORNELL COOPERATIVE EXTENSION-JEFFERSON COUNTY"
"http://scholars.cornell.edu/individual/org54645","Division of Financial Affairs"
"http://scholars.cornell.edu/individual/org41134","DAIRY INNOVATIONS LLC"
"http://scholars.cornell.edu/individual/org16576","UNIVERSITY SYSTEM OF MARYLAND"
"http://scholars.cornell.edu/individual/org33318","Cornell Center for Materials Research (CCMR)"
"http://scholars.cornell.edu/individual/org99126","AUSTRALIAN NATIONAL UNIVERSITY"
"http://scholars.cornell.edu/individual/org58676","STOCKHOLM UNIVERSITY"
"http://scholars.cornell.edu/individual/org50482","The Worker Institute at Cornell"
"http://scholars.cornell.edu/individual/org57430","ENVIRONMENTAL DEFENSE FUND"
"http://scholars.cornell.edu/individual/org25812","Microbiology and Immunology"
"http://scholars.cornell.edu/individual/org99432","WYOMING WILDLIFE FOUNDATION"
"http://scholars.cornell.edu/individual/org27591","Cornell-in-Rome Program"
"http://scholars.cornell.edu/individual/org33671","NATL ENDOWMENT HUMANITIES"
"http://scholars.cornell.edu/individual/org91042","STEP ANALYSIS LLC"
"http://scholars.cornell.edu/individual/org99767","CHILDREN'S RESEARCH INSTITUTE"
"http://scholars.cornell.edu/individual/org90540","BERNICE BARBOUR FOUNDATION"
"http://scholars.cornell.edu/individual/org83014","J. FRANK SCHMIDT FAMILY CHARITABLE FOUNDATION"
"http://scholars.cornell.edu/individual/org93173","Graduate School"
"http://scholars.cornell.edu/individual/org64788","Institute for Compensation Studies (ICS)"
"http://scholars.cornell.edu/individual/org82335","NATL RADIO ASTRONOMY OBSERV"
"http://scholars.cornell.edu/individual/org91537","ALFRED P. SLOAN FOUNDATION"
"http://scholars.cornell.edu/individual/org66096","FOREST SERVICE, USDA"
"http://scholars.cornell.edu/individual/org95927","Entomology"
"http://scholars.cornell.edu/individual/org82085","US-ISRAEL BINATIONAL AGRICULTURAL RESEARCH DEVELOPMENT FUND"
"http://scholars.cornell.edu/individual/org58308","TAITECH INC."
"http://scholars.cornell.edu/individual/org76604","Fruit & Vegetable Processing Pilot Plant"
"http://scholars.cornell.edu/individual/org90727","MARS INCORPORATED"
"http://scholars.cornell.edu/individual/org34374","ENVIRONMENTAL HEALTH SCIENCES NIH"
"http://scholars.cornell.edu/individual/org42461","EWING MARION KAUFFMAN FOUNDATION"
"http://scholars.cornell.edu/individual/org33511","GOOGLE INC."
"http://scholars.cornell.edu/individual/org82409","UNIVERSITY OF MARYLAND COLLEGE PARK"
"http://scholars.cornell.edu/individual/org87997","Cornell Food and Nutrition Policy Program (CFNPP)"
"http://scholars.cornell.edu/individual/org83032","Nanobiotechnology Center (NBTC)"
"http://scholars.cornell.edu/individual/org74445","SMALL BUSINESS ADMIN"
"http://scholars.cornell.edu/individual/org58391","THE CLANEIL FOUNDATION"
"http://scholars.cornell.edu/individual/org81934","ASSOCIATION OF AMERICAN COLLEGES AND UNIVERSITIES"
"http://scholars.cornell.edu/individual/org66771","Mechanical and Aerospace Engineering"
"http://scholars.cornell.edu/individual/org66284","NEW YORK ACADEMY OF SCIENCES"
"http://scholars.cornell.edu/individual/org25682","NATL INST ON DRUG ABUSE, NIH"
"http://scholars.cornell.edu/individual/org85016","Center for Technology Licensing at Cornell University (CTL)"
"http://scholars.cornell.edu/individual/org16867","SYDOR INSTRUMENTS"
"http://scholars.cornell.edu/individual/org10794","Cornell Center for Wildlife Conservation (CCWC)"
"http://scholars.cornell.edu/individual/org90787","NATIONAL 4-H COUNCIL"
"http://scholars.cornell.edu/individual/org67195","UNIVERSITY OF CAPE TOWN"
"http://scholars.cornell.edu/individual/org17753","Law Library"
"http://scholars.cornell.edu/individual/org30434","School of Integrative Plant Science"
"http://scholars.cornell.edu/individual/org74800","MED-EL"
"http://scholars.cornell.edu/individual/org57923","CENTER FOR ADVANCEMENT OF SCIENCE IN SPACE"
"http://scholars.cornell.edu/individual/org65543","Cornell Plantations"
"http://scholars.cornell.edu/individual/org65037","Center for Nanomaterials Engineering and Technology (CNET)"
"http://scholars.cornell.edu/individual/org23103","Cornell University Agricultural Experiment Station (CUAES)"
"http://scholars.cornell.edu/individual/org43751","Sociology"
"http://scholars.cornell.edu/individual/org41599","NATL ENDOWMENT FOR ARTS"
"http://scholars.cornell.edu/individual/org16552","Computer Science"
"http://scholars.cornell.edu/individual/org90486","ARMY CORP OF ENGINEERS"
"http://scholars.cornell.edu/individual/org34142","MEMORIAL SLOAN KETTERING CANCER CENTER"
"http://scholars.cornell.edu/individual/org57490","UNIVERSITY OF VERMONT"
"http://scholars.cornell.edu/individual/org25898","NORTHEAST AGRICULTURAL EDUCATION FOUNDATION INC."
"http://scholars.cornell.edu/individual/org41491","JAN BIOTECH INC"
"http://scholars.cornell.edu/individual/org50372","ENN GROUP CO., LTD."
"http://scholars.cornell.edu/individual/org66612","AMERICAN SENIORS HOUSING ASSOCIATION, INC."
"http://scholars.cornell.edu/individual/org25736","AMERICAN JERSEY CATTLE ASSOCIATION"
"http://scholars.cornell.edu/individual/org42014","NORWEGIAN UNIVERSITY OF LIFE SCIENCES"
"http://scholars.cornell.edu/individual/org92001","Music Library (Sidney Cox Library of Music and Dance)"
"http://scholars.cornell.edu/individual/org81951","UNIVERSITY OF ARIZONA"
"http://scholars.cornell.edu/individual/org17258","MILESTONE MEDICAL"
"http://scholars.cornell.edu/individual/org66295","CAVIUM, INC."
"http://scholars.cornell.edu/individual/org41389","LANGLEY RESEARCH CENTER, NASA"
"http://scholars.cornell.edu/individual/org15582","Romance Studies"
"http://scholars.cornell.edu/individual/org46506","Office of the Vice Provost for Research"
"http://scholars.cornell.edu/individual/org98522","UNIVERSITY OF MASSACHUSETTS"
"http://scholars.cornell.edu/individual/org57914","GREAT LAKES FISHERY COMM"
"http://scholars.cornell.edu/individual/org42174","LINCOLN INSTITUTE OF LAND POLICY"
"http://scholars.cornell.edu/individual/org23187","Astronomy"
"http://scholars.cornell.edu/individual/org25505","NATL INSTITUTES FOR WATER RESOURCES, USGS"
"http://scholars.cornell.edu/individual/org42481","CATHOLIC RELIEF SERVICES"
"http://scholars.cornell.edu/individual/org25286","OFFICE OF THE CHIEF ECONOMIST USDA"
"http://scholars.cornell.edu/individual/org87966","Office of the Vice President for Alumni Affairs and Development"
"http://scholars.cornell.edu/individual/org87556","Center for Advanced Human Resource Studies (CAHRS)"
"http://scholars.cornell.edu/individual/org49981","Duck Research Laboratory"
"http://scholars.cornell.edu/individual/org43177","Design and Environmental Analysis"
"http://scholars.cornell.edu/individual/org80541","Chemical and Biomolecular Engineering"
"http://scholars.cornell.edu/individual/org23581","Center on the Microenvironment and Metastasis (CMM)"
"http://scholars.cornell.edu/individual/org22529","Cornell Institute of Archaeology and Material Studies (CIAMS)"
"http://scholars.cornell.edu/individual/org66266","CHARLES UNIVERSITY"
"http://scholars.cornell.edu/individual/org33950","DANNON INSTITUTE"
"http://scholars.cornell.edu/individual/org90478","GOLF COURSE SUPERINTENDENTS ASSOCIATION OF AMERICA"
"http://scholars.cornell.edu/individual/org90534","EMPIRE STATE POTATO GROWERS, INC."
"http://scholars.cornell.edu/individual/org47934","Immunopathology Research and Development Laboratory"
"http://scholars.cornell.edu/individual/org33554","Institute for African Development"
"http://scholars.cornell.edu/individual/org33407","SPACE TELESCOPE SCIENCE INST."
"http://scholars.cornell.edu/individual/org91115","BRADLEY FDN LYNDE AND HARRY"
"http://scholars.cornell.edu/individual/org83654","Human Resource Studies"
"http://scholars.cornell.edu/individual/org74743","School of Hotel Administration "
"http://scholars.cornell.edu/individual/org33637","BOEHRINGER INGELHEIM GMBH"
"http://scholars.cornell.edu/individual/org90407","UNIVERSITY OF WISCONSIN MADISON"
"http://scholars.cornell.edu/individual/org22349","Vinification & Brewing Laboratory"
"http://scholars.cornell.edu/individual/org72107","Office of the Vice Provost and Dean of the Graduate School"
"http://scholars.cornell.edu/individual/org73851","OSWEGO COUNTY"
"http://scholars.cornell.edu/individual/org98345","SPACE AND NAVAL WARFARE SYSTEMS CENTER SAN DIEGO"
"http://scholars.cornell.edu/individual/org98542","MICHIGAN STATE UNIVERSITY"
"http://scholars.cornell.edu/individual/org99381","SENECA FOODS INC."
"http://scholars.cornell.edu/individual/org99331","TUFTS UNIVERSITY"
"http://scholars.cornell.edu/individual/org17033","MOSIS"
"http://scholars.cornell.edu/individual/org25464","ELI LILLY CO."
"http://scholars.cornell.edu/individual/org92646","HE Urban Semester Program"
"http://scholars.cornell.edu/individual/org99601","WEST VIRGINIA UNIVERSITY"
"http://scholars.cornell.edu/individual/org49842","4-H FOUNDATION, NEW YORK STATE"
"http://scholars.cornell.edu/individual/org98680","INSTITUT D'ECONOMIC RURALE"
"http://scholars.cornell.edu/individual/org66176","ARTICULATE BIOMEDICAL LLC"
"http://scholars.cornell.edu/individual/org50613","INTERNATIONAL HUMAN FRONTIER SCIENCE PROGRAM ORGANIZATION"
"http://scholars.cornell.edu/individual/org67127","UNIVERSITY OF WASHINGTON"
"http://scholars.cornell.edu/individual/org64002","Avon Global Center for Women and Justice"
"http://scholars.cornell.edu/individual/org38556","Charles H. Dyson School of Applied Economics and Management"
"http://scholars.cornell.edu/individual/org34403","GREAT LAKES PROTECTION FUND"
"http://scholars.cornell.edu/individual/org82670","MORRIS ANIMAL FOUNDATION"
"http://scholars.cornell.edu/individual/org68763","Biomedical Engineering"
"http://scholars.cornell.edu/individual/org81252","Uris Library"
"http://scholars.cornell.edu/individual/org57535","AMERICAN CAST IRON PIPE COMPANY"
"http://scholars.cornell.edu/individual/org84347","Government and Community Relations"
"http://scholars.cornell.edu/individual/org99364","GENENTECH INC"
"http://scholars.cornell.edu/individual/org75188","NEW YORK APPLE ASSOCIATION. INC"
"http://scholars.cornell.edu/individual/org48048","Vice Provost Initiatives"
"http://scholars.cornell.edu/individual/org56591","Human Neuroscience Institute (HNI)"
"http://scholars.cornell.edu/individual/org99651","HEWLETT,WM & FLORA FDN"
"http://scholars.cornell.edu/individual/org41923","THE SCOTTS MIRACLE-GRO COMPANY"
"http://scholars.cornell.edu/individual/org55891","Long Island Horticultural Research and Extension Center (LIHREC)"
"http://scholars.cornell.edu/individual/org67077","HOWARD BUFFETT FOUNDATION"
"http://scholars.cornell.edu/individual/org36544","Global and Public Health Sciences"
"http://scholars.cornell.edu/individual/org16662","SEMICONDUCTOR RESEARCH CORP"
"http://scholars.cornell.edu/individual/org57639","DANONE-NUTRICIA EARLY LIFE NUTRITION INC."
